1189,667,17:33:51
1187,709,17:33:51
1160,689,17:33:51
1188,698,17:33:51
1184,680,17:33:51
1151,706,17:33:51
1213,665,17:33:51
1240,655,17:33:51
1191,617,17:33:51
1208,658,17:33:51
1241,655,17:33:51
1223,627,17:33:51
1197,630,17:33:51
809,533,17:33:51
597,382,17:33:51
539,366,17:33:52
586,324,17:33:52
574,308,17:33:52
588,392,17:33:52
577,344,17:33:52
582,379,17:33:52
586,341,17:33:52
605,331,17:33:52
573,290,17:33:52
575,341,17:33:52
583,303,17:33:52
575,294,17:33:52
580,316,17:33:52
563,369,17:33:52
589,292,17:33:52
592,322,17:33:52
586,324,17:33:52
567,332,17:33:52
565,341,17:33:52
592,301,17:33:52
574,339,17:33:52
569,358,17:33:52
582,372,17:33:52
584,318,17:33:52
595,350,17:33:52
542,358,17:33:52
583,335,17:33:52
597,380,17:33:52
599,342,17:33:52
627,383,17:33:52
934,364,17:33:53
1021,405,17:33:53
995,432,17:33:53
996,322,17:33:53
999,397,17:33:53
1056,456,17:33:53
1029,421,17:33:53
997,382,17:33:53
1020,403,17:33:53
983,418,17:33:53
1006,417,17:33:53
1008,368,17:33:53
1062,90,17:33:53
1047,47,17:33:53
1047,45,17:33:53
1061,80,17:33:53
1041,0,17:33:53
1074,0,17:33:53
1072,0,17:33:53
1070,0,17:33:53
1106,0,17:33:53
1068,0,17:33:53
1095,0,17:33:53
1051,0,17:33:53
1067,0,17:33:53
1099,0,17:33:53
1063,0,17:33:53
1096,0,17:33:53
1107,0,17:33:53
1129,0,17:33:53
1063,0,17:33:53
1122,0,17:33:54
1105,0,17:33:54
1111,0,17:33:54
1089,0,17:33:54
1100,0,17:33:54
1061,0,17:33:54
1096,0,17:33:54
1083,0,17:33:54
1058,0,17:33:54
1131,0,17:33:54
1118,0,17:33:54
1131,0,17:33:54
1116,0,17:33:54
1086,0,17:33:54
1087,0,17:33:54
1114,0,17:33:54
1120,0,17:33:54
1101,0,17:33:54
1129,0,17:33:54
1131,0,17:33:54
1111,0,17:33:54
1119,0,17:33:54
1120,0,17:33:54
1107,0,17:33:54
1109,0,17:33:54
1120,0,17:33:54
1105,0,17:33:54
886,0,17:33:54
554,92,17:33:54
442,136,17:33:54
506,124,17:33:55
460,128,17:33:55
464,65,17:33:55
435,61,17:33:55
431,60,17:33:55
461,55,17:33:55
410,81,17:33:55
314,79,17:33:55
275,109,17:33:55
252,85,17:33:55
210,147,17:33:55
207,251,17:33:55
214,198,17:33:55
218,229,17:33:55
216,212,17:33:55
236,206,17:33:55
185,212,17:33:55
232,236,17:33:55
245,211,17:33:55
222,201,17:33:55
328,201,17:33:55
458,159,17:33:55
467,165,17:33:55
465,180,17:33:55
476,197,17:33:55
461,159,17:33:55
465,169,17:33:55
430,180,17:33:55
289,199,17:33:55
298,193,17:33:55
291,227,17:33:56
311,204,17:33:56
306,164,17:33:56
301,205,17:33:56
262,167,17:33:56
331,236,17:33:56
336,180,17:33:56
335,196,17:33:56
330,176,17:33:56
344,186,17:33:56
323,187,17:33:56
268,193,17:33:56
310,223,17:33:56
383,158,17:33:56
371,173,17:33:56
387,176,17:33:56
365,187,17:33:56
396,165,17:33:56
348,180,17:33:56
398,180,17:33:56
392,163,17:33:56
473,201,17:33:56
498,164,17:33:56
498,148,17:33:56
546,152,17:33:56
527,155,17:33:56
515,179,17:33:56
579,175,17:33:56
583,173,17:33:56
622,142,17:33:56
600,184,17:33:57
574,201,17:33:57
608,165,17:33:57
613,183,17:33:57
611,191,17:33:57
582,173,17:33:57
577,164,17:33:57
595,179,17:33:57
591,184,17:33:57
610,144,17:33:57
708,153,17:33:57
731,147,17:33:57
763,161,17:33:57
727,142,17:33:57
727,66,17:33:57
727,168,17:33:57
721,150,17:33:57
683,176,17:33:57
726,118,17:33:57
693,154,17:33:57
695,116,17:33:57
714,108,17:33:57
689,139,17:33:57
691,121,17:33:57
698,113,17:33:57
690,114,17:33:57
689,142,17:33:57
768,159,17:33:57
751,110,17:33:57
757,138,17:33:57
746,119,17:33:58
749,124,17:33:58
763,125,17:33:58
799,139,17:33:58
767,127,17:33:58
726,110,17:33:58
721,102,17:33:58
597,168,17:33:58
332,262,17:33:58
264,237,17:33:58
264,238,17:33:58
289,256,17:33:58
277,249,17:33:58
211,270,17:33:58
188,253,17:33:58
196,262,17:33:58
224,266,17:33:58
181,280,17:33:58
212,252,17:33:58
202,253,17:33:58
205,264,17:33:58
291,230,17:33:58
269,264,17:33:58
301,239,17:33:58
285,252,17:33:58
290,269,17:33:58
371,238,17:33:58
386,229,17:33:58
405,227,17:33:58
474,171,17:33:58
401,224,17:33:59
381,245,17:33:59
408,236,17:33:59
396,230,17:33:59
421,248,17:33:59
498,211,17:33:59
538,209,17:33:59
511,226,17:33:59
517,275,17:33:59
515,219,17:33:59
512,236,17:33:59
518,236,17:33:59
613,151,17:33:59
612,174,17:33:59
610,192,17:33:59
563,207,17:33:59
621,215,17:33:59
512,231,17:33:59
582,223,17:33:59
547,187,17:33:59
547,232,17:33:59
523,268,17:33:59
545,249,17:33:59
581,232,17:33:59
665,207,17:33:59
632,194,17:33:59
658,203,17:33:59
608,239,17:33:59
632,158,17:33:59
623,225,17:33:59
627,217,17:34:00
651,178,17:34:00
614,220,17:34:00
659,179,17:34:00
609,150,17:34:00
647,216,17:34:00
637,196,17:34:00
639,233,17:34:00
632,211,17:34:00
644,208,17:34:00
626,216,17:34:00
651,201,17:34:00
626,205,17:34:00
657,235,17:34:00
686,209,17:34:00
613,193,17:34:00
648,220,17:34:00
679,204,17:34:00
649,229,17:34:00
659,204,17:34:00
675,202,17:34:00
627,198,17:34:00
601,186,17:34:00
653,185,17:34:00
606,191,17:34:00
631,231,17:34:00
619,271,17:34:00
351,288,17:34:00
215,309,17:34:00
206,304,17:34:00
227,279,17:34:00
196,278,17:34:01
221,259,17:34:01
208,294,17:34:01
199,287,17:34:01
210,249,17:34:01
216,328,17:34:01
213,306,17:34:01
187,308,17:34:01
211,260,17:34:01
195,302,17:34:01
222,298,17:34:01
307,265,17:34:01
230,289,17:34:01
288,298,17:34:01
256,299,17:34:01
290,275,17:34:01
269,261,17:34:01
226,314,17:34:01
185,277,17:34:01
215,239,17:34:01
239,276,17:34:01
214,300,17:34:01
298,286,17:34:01
368,260,17:34:01
318,262,17:34:01
359,263,17:34:01
371,291,17:34:01
354,273,17:34:01
374,267,17:34:01
341,278,17:34:01
350,254,17:34:02
331,292,17:34:02
306,274,17:34:02
360,261,17:34:02
375,273,17:34:02
326,298,17:34:02
320,316,17:34:02
312,274,17:34:02
361,239,17:34:02
356,288,17:34:02
418,287,17:34:02
414,304,17:34:02
439,262,17:34:02
425,290,17:34:02
432,286,17:34:02
424,297,17:34:02
429,311,17:34:02
433,302,17:34:02
459,279,17:34:02
416,329,17:34:02
394,317,17:34:02
439,301,17:34:02
426,279,17:34:02
374,264,17:34:02
380,293,17:34:02
400,291,17:34:02
386,279,17:34:02
402,268,17:34:02
406,309,17:34:02
398,282,17:34:02
382,296,17:34:03
440,265,17:34:03
518,280,17:34:03
504,277,17:34:03
523,224,17:34:03
558,262,17:34:03
538,267,17:34:03
548,270,17:34:03
673,237,17:34:03
645,214,17:34:03
633,232,17:34:03
633,226,17:34:03
634,276,17:34:03
608,257,17:34:03
614,271,17:34:03
672,236,17:34:03
673,291,17:34:03
715,244,17:34:03
723,215,17:34:03
725,218,17:34:03
714,233,17:34:03
729,247,17:34:03
694,258,17:34:03
729,261,17:34:03
714,257,17:34:03
691,265,17:34:03
708,293,17:34:03
690,218,17:34:03
716,197,17:34:03
666,251,17:34:03
629,272,17:34:04
312,362,17:34:04
198,353,17:34:04
196,318,17:34:04
194,324,17:34:04
185,387,17:34:04
213,331,17:34:04
170,360,17:34:04
201,378,17:34:04
212,342,17:34:04
225,382,17:34:04
191,390,17:34:04
172,373,17:34:04
162,355,17:34:04
205,340,17:34:04
206,354,17:34:04
212,388,17:34:04
179,370,17:34:04
174,345,17:34:04
171,346,17:34:04
164,362,17:34:04
198,313,17:34:04
205,349,17:34:04
204,360,17:34:04
297,377,17:34:04
335,348,17:34:04
330,336,17:34:04
322,347,17:34:04
332,343,17:34:04
311,329,17:34:04
304,367,17:34:05
317,366,17:34:05
343,356,17:34:05
280,392,17:34:05
316,371,17:34:05
343,353,17:34:05
322,371,17:34:05
407,367,17:34:05
423,360,17:34:05
357,352,17:34:05
403,359,17:34:05
421,365,17:34:05
409,368,17:34:05
556,373,17:34:05
594,395,17:34:05
572,313,17:34:05
576,329,17:34:05
586,319,17:34:05
588,306,17:34:05
591,335,17:34:05
602,347,17:34:05
626,339,17:34:05
610,329,17:34:05
618,330,17:34:05
615,295,17:34:05
580,368,17:34:05
564,367,17:34:05
505,362,17:34:05
547,382,17:34:05
512,342,17:34:05
517,389,17:34:05
531,355,17:34:06
645,341,17:34:06
648,372,17:34:06
637,356,17:34:06
654,353,17:34:06
708,371,17:34:06
677,373,17:34:06
669,302,17:34:06
681,348,17:34:06
714,335,17:34:06
676,367,17:34:06
744,336,17:34:06
726,366,17:34:06
748,332,17:34:06
708,330,17:34:06
699,348,17:34:06
642,350,17:34:06
700,327,17:34:06
692,308,17:34:06
703,325,17:34:06
745,361,17:34:06
733,332,17:34:06
743,355,17:34:06
723,313,17:34:06
746,309,17:34:06
787,335,17:34:06
700,352,17:34:06
461,374,17:34:06
237,425,17:34:06
188,385,17:34:06
197,402,17:34:07
202,426,17:34:07
226,401,17:34:07
246,403,17:34:07
186,402,17:34:07
194,432,17:34:07
218,386,17:34:07
237,427,17:34:07
195,413,17:34:07
205,422,17:34:07
206,404,17:34:07
197,436,17:34:07
186,414,17:34:07
218,417,17:34:07
229,382,17:34:07
183,414,17:34:07
306,409,17:34:07
297,413,17:34:07
342,421,17:34:07
338,450,17:34:07
321,454,17:34:07
303,421,17:34:07
316,416,17:34:07
333,387,17:34:07
323,422,17:34:07
359,446,17:34:07
373,399,17:34:07
381,420,17:34:07
393,434,17:34:07
437,463,17:34:07
490,405,17:34:08
500,391,17:34:08
493,378,17:34:08
449,419,17:34:08
517,434,17:34:08
464,413,17:34:08
500,393,17:34:08
536,389,17:34:08
573,357,17:34:08
565,409,17:34:08
567,380,17:34:08
569,424,17:34:08
565,403,17:34:08
552,429,17:34:08
533,365,17:34:08
531,453,17:34:08
594,368,17:34:08
625,407,17:34:08
610,427,17:34:08
619,384,17:34:08
586,421,17:34:08
688,364,17:34:08
678,376,17:34:08
711,405,17:34:08
704,423,17:34:08
638,420,17:34:08
725,385,17:34:08
506,422,17:34:08
265,429,17:34:08
238,396,17:34:08
222,414,17:34:09
217,414,17:34:09
213,423,17:34:09
198,441,17:34:09
219,453,17:34:09
190,465,17:34:09
164,419,17:34:09
187,424,17:34:09
202,432,17:34:09
181,424,17:34:09
197,430,17:34:09
267,447,17:34:09
270,373,17:34:09
249,454,17:34:09
265,446,17:34:09
254,469,17:34:09
252,436,17:34:09
312,436,17:34:09
316,429,17:34:09
362,415,17:34:09
355,453,17:34:09
328,428,17:34:09
380,405,17:34:09
345,425,17:34:09
599,452,17:34:09
696,490,17:34:09
676,482,17:34:09
679,466,17:34:09
696,378,17:34:09
686,380,17:34:09
662,368,17:34:10
636,385,17:34:10
602,344,17:34:10
621,391,17:34:10
625,384,17:34:10
628,441,17:34:10
629,418,17:34:10
601,398,17:34:10
599,433,17:34:10
604,442,17:34:10
569,456,17:34:10
548,406,17:34:10
562,459,17:34:10
593,447,17:34:10
623,469,17:34:10
629,451,17:34:10
632,478,17:34:10
641,460,17:34:10
665,486,17:34:10
614,452,17:34:10
615,508,17:34:10
630,494,17:34:10
618,511,17:34:10
654,499,17:34:10
655,507,17:34:10
656,509,17:34:10
656,497,17:34:10
632,505,17:34:10
673,477,17:34:10
612,466,17:34:10
671,477,17:34:10
658,464,17:34:11
655,481,17:34:11
626,477,17:34:11
498,459,17:34:11
278,461,17:34:11
282,460,17:34:11
259,477,17:34:11
306,485,17:34:11
295,494,17:34:11
301,508,17:34:11
296,501,17:34:11
291,514,17:34:11
320,496,17:34:11
316,479,17:34:11
297,519,17:34:11
384,457,17:34:11
383,468,17:34:11
407,504,17:34:11
372,484,17:34:11
356,485,17:34:11
418,501,17:34:11
402,494,17:34:11
422,504,17:34:11
482,479,17:34:11
439,482,17:34:11
501,501,17:34:11
486,521,17:34:11
461,530,17:34:11
445,482,17:34:11
563,483,17:34:11
546,517,17:34:12
551,518,17:34:12
535,481,17:34:12
504,511,17:34:12
543,503,17:34:12
612,514,17:34:12
612,516,17:34:12
624,483,17:34:12
601,539,17:34:12
627,466,17:34:12
598,495,17:34:12
627,507,17:34:12
605,516,17:34:12
648,502,17:34:12
652,499,17:34:12
683,487,17:34:12
663,531,17:34:12
676,478,17:34:12
629,461,17:34:12
691,468,17:34:12
671,501,17:34:12
657,511,17:34:12
662,517,17:34:12
506,506,17:34:12
292,447,17:34:12
281,483,17:34:12
290,488,17:34:12
279,493,17:34:12
294,507,17:34:12
266,478,17:34:12
284,501,17:34:13
316,517,17:34:13
304,493,17:34:13
346,511,17:34:13
323,518,17:34:13
341,534,17:34:13
340,484,17:34:13
353,534,17:34:13
371,526,17:34:13
365,522,17:34:13
390,537,17:34:13
461,535,17:34:13
466,499,17:34:13
471,543,17:34:13
401,493,17:34:13
437,537,17:34:13
465,531,17:34:13
432,541,17:34:13
400,542,17:34:13
419,526,17:34:13
414,534,17:34:13
403,551,17:34:13
464,503,17:34:13
405,535,17:34:13
479,547,17:34:13
508,554,17:34:13
557,525,17:34:13
513,541,17:34:13
520,545,17:34:13
524,537,17:34:13
619,535,17:34:14
603,530,17:34:14
625,536,17:34:14
574,514,17:34:14
562,512,17:34:14
626,540,17:34:14
614,557,17:34:14
662,531,17:34:14
686,547,17:34:14
696,504,17:34:14
700,523,17:34:14
730,535,17:34:14
482,513,17:34:14
361,512,17:34:14
267,520,17:34:14
249,547,17:34:14
270,517,17:34:14
304,523,17:34:14
224,545,17:34:14
252,539,17:34:14
261,499,17:34:14
261,517,17:34:14
244,500,17:34:14
291,530,17:34:14
322,555,17:34:14
348,517,17:34:14
325,529,17:34:14
335,532,17:34:14
331,558,17:34:14
294,541,17:34:14
332,529,17:34:15
314,529,17:34:15
411,554,17:34:15
418,529,17:34:15
442,550,17:34:15
435,572,17:34:15
419,535,17:34:15
431,545,17:34:15
453,545,17:34:15
425,587,17:34:15
458,565,17:34:15
518,527,17:34:15
525,560,17:34:15
510,555,17:34:15
564,526,17:34:15
543,566,17:34:15
609,540,17:34:15
568,565,17:34:15
565,573,17:34:15
581,532,17:34:15
498,544,17:34:15
478,511,17:34:15
497,532,17:34:15
470,536,17:34:15
469,536,17:34:15
478,531,17:34:15
484,538,17:34:15
462,526,17:34:15
455,538,17:34:15
492,579,17:34:15
549,523,17:34:16
508,519,17:34:16
496,554,17:34:16
571,530,17:34:16
503,554,17:34:16
547,531,17:34:16
586,493,17:34:16
572,543,17:34:16
554,536,17:34:16
577,511,17:34:16
385,497,17:34:16
335,487,17:34:16
321,526,17:34:16
310,519,17:34:16
296,510,17:34:16
305,485,17:34:16
322,503,17:34:16
341,494,17:34:16
316,489,17:34:16
279,520,17:34:16
279,486,17:34:16
258,498,17:34:16
276,486,17:34:16
219,428,17:34:16
234,413,17:34:16
240,326,17:34:16
254,314,17:34:16
256,257,17:34:16
239,243,17:34:16
254,204,17:34:16
231,298,17:34:17
263,344,17:34:17
255,359,17:34:17
240,370,17:34:17
230,364,17:34:17
240,336,17:34:17
246,315,17:34:17
237,295,17:34:17
219,300,17:34:17
216,348,17:34:17
223,446,17:34:17
194,397,17:34:17
216,445,17:34:17
236,394,17:34:17
195,386,17:34:17
223,283,17:34:17
220,243,17:34:17
250,157,17:34:17
230,133,17:34:17
239,128,17:34:17
264,35,17:34:17
271,26,17:34:17
293,24,17:34:17
275,40,17:34:17
257,46,17:34:17
261,21,17:34:17
300,46,17:34:17
412,82,17:34:17
433,60,17:34:17
464,51,17:34:17
416,41,17:34:17
430,45,17:34:18
428,58,17:34:18
429,48,17:34:18
452,100,17:34:18
300,87,17:34:18
271,49,17:34:18
273,83,17:34:18
280,79,17:34:18
286,53,17:34:18
303,54,17:34:18
281,0,17:34:18
286,0,17:34:18
279,29,17:34:18
309,0,17:34:18
272,0,17:34:18
383,0,17:34:18
427,21,17:34:18
383,23,17:34:18
392,34,17:34:18
397,52,17:34:18
423,0,17:34:18
443,0,17:34:18
411,22,17:34:18
404,19,17:34:18
304,52,17:34:18
265,41,17:34:18
305,31,17:34:18
264,48,17:34:18
295,38,17:34:18
271,36,17:34:18
243,40,17:34:19
250,43,17:34:19
241,0,17:34:19
248,0,17:34:19
261,25,17:34:19
268,24,17:34:19
261,0,17:34:19
272,68,17:34:19
259,11,17:34:19
279,6,17:34:19
264,0,17:34:19
260,13,17:34:19
272,64,17:34:19
345,19,17:34:19
323,0,17:34:19
352,49,17:34:19
350,26,17:34:19
359,33,17:34:19
318,25,17:34:19
351,25,17:34:19
319,23,17:34:19
334,25,17:34:19
338,25,17:34:19
291,42,17:34:19
310,44,17:34:19
279,0,17:34:19
255,27,17:34:19
292,13,17:34:19
299,37,17:34:19
291,25,17:34:19
284,18,17:34:20
386,28,17:34:20
370,9,17:34:20
373,24,17:34:20
365,16,17:34:20
393,44,17:34:20
367,8,17:34:20
382,21,17:34:20
392,16,17:34:20
392,32,17:34:20
345,19,17:34:20
267,0,17:34:20
267,27,17:34:20
248,33,17:34:20
241,38,17:34:20
273,48,17:34:20
274,38,17:34:20
263,49,17:34:20
264,26,17:34:20
258,40,17:34:20
252,47,17:34:20
268,74,17:34:20
283,50,17:34:20
317,17,17:34:20
306,55,17:34:20
288,63,17:34:20
279,44,17:34:20
299,35,17:34:20
316,64,17:34:20
270,10,17:34:20
365,60,17:34:21
356,8,17:34:21
387,0,17:34:21
375,45,17:34:21
385,21,17:34:21
381,30,17:34:21
382,23,17:34:21
361,11,17:34:21
465,0,17:34:21
507,33,17:34:21
492,9,17:34:21
496,38,17:34:21
496,0,17:34:21
532,0,17:34:21
572,2,17:34:21
575,6,17:34:21
539,2,17:34:21
555,10,17:34:21
546,0,17:34:21
554,0,17:34:21
594,0,17:34:21
564,2,17:34:21
599,0,17:34:21
631,0,17:34:21
585,0,17:34:21
601,0,17:34:21
561,0,17:34:21
603,0,17:34:21
578,0,17:34:21
649,0,17:34:21
670,0,17:34:22
652,0,17:34:22
668,0,17:34:22
643,0,17:34:22
669,0,17:34:22
653,0,17:34:22
663,0,17:34:22
705,0,17:34:22
736,0,17:34:22
750,0,17:34:22
752,0,17:34:22
742,0,17:34:22
745,0,17:34:22
737,0,17:34:22
771,0,17:34:22
720,0,17:34:22
778,0,17:34:22
777,0,17:34:22
798,0,17:34:22
773,0,17:34:22
815,0,17:34:22
776,0,17:34:22
817,0,17:34:22
776,0,17:34:22
537,0,17:34:22
415,0,17:34:22
377,2,17:34:22
355,27,17:34:22
354,15,17:34:22
348,52,17:34:22
371,18,17:34:22
358,22,17:34:23
417,15,17:34:23
464,0,17:34:23
439,5,17:34:23
449,15,17:34:23
442,25,17:34:23
427,38,17:34:23
449,31,17:34:23
389,19,17:34:23
351,68,17:34:23
370,16,17:34:23
376,0,17:34:23
387,0,17:34:23
393,0,17:34:23
380,3,17:34:23
378,22,17:34:23
386,20,17:34:23
412,0,17:34:23
452,0,17:34:23
440,0,17:34:23
461,5,17:34:23
396,33,17:34:23
443,0,17:34:23
452,0,17:34:23
501,7,17:34:23
541,0,17:34:23
530,0,17:34:23
557,0,17:34:23
547,0,17:34:23
527,0,17:34:23
534,0,17:34:24
514,0,17:34:24
563,0,17:34:24
567,0,17:34:24
538,0,17:34:24
538,0,17:34:24
605,0,17:34:24
617,0,17:34:24
578,0,17:34:24
631,0,17:34:24
619,0,17:34:24
624,0,17:34:24
615,0,17:34:24
620,0,17:34:24
627,0,17:34:24
662,0,17:34:24
635,0,17:34:24
647,0,17:34:24
682,0,17:34:24
702,0,17:34:24
726,0,17:34:24
719,0,17:34:24
722,0,17:34:24
729,0,17:34:24
755,0,17:34:24
730,0,17:34:24
728,0,17:34:24
764,0,17:34:24
751,0,17:34:24
754,0,17:34:24
770,0,17:34:25
751,0,17:34:25
750,0,17:34:25
757,0,17:34:25
767,0,17:34:25
746,0,17:34:25
754,0,17:34:25
763,0,17:34:25
767,0,17:34:25
765,0,17:34:25
796,0,17:34:25
768,0,17:34:25
782,0,17:34:25
801,0,17:34:25
782,0,17:34:25
764,0,17:34:25
788,0,17:34:25
776,0,17:34:25
782,0,17:34:25
803,0,17:34:25
786,0,17:34:25
795,0,17:34:25
783,0,17:34:25
774,0,17:34:25
708,0,17:34:25
482,32,17:34:25
361,46,17:34:25
351,42,17:34:25
363,81,17:34:25
343,50,17:34:25
355,51,17:34:26
316,101,17:34:26
305,107,17:34:26
318,80,17:34:26
334,106,17:34:26
318,94,17:34:26
323,114,17:34:26
337,85,17:34:26
353,100,17:34:26
403,73,17:34:26
378,69,17:34:26
404,122,17:34:26
369,55,17:34:26
359,89,17:34:26
361,104,17:34:26
381,73,17:34:26
358,87,17:34:26
335,82,17:34:26
316,114,17:34:26
311,88,17:34:26
316,117,17:34:26
328,55,17:34:26
322,86,17:34:26
323,83,17:34:26
416,61,17:34:26
416,59,17:34:26
380,64,17:34:26
386,109,17:34:26
411,117,17:34:26
409,44,17:34:26
386,100,17:34:27
407,109,17:34:27
408,20,17:34:27
393,82,17:34:27
403,122,17:34:27
401,90,17:34:27
389,100,17:34:27
387,103,17:34:27
397,77,17:34:27
381,122,17:34:27
485,53,17:34:27
704,1,17:34:27
762,0,17:34:27
783,0,17:34:27
757,0,17:34:27
776,0,17:34:27
768,0,17:34:27
748,0,17:34:27
726,0,17:34:27
572,39,17:34:27
389,78,17:34:27
380,52,17:34:27
369,48,17:34:27
374,64,17:34:27
393,87,17:34:27
366,88,17:34:27
404,61,17:34:27
393,69,17:34:27
407,38,17:34:27
469,27,17:34:27
499,38,17:34:28
457,66,17:34:28
490,78,17:34:28
622,372,17:34:28
690,555,17:34:28
713,449,17:34:28
736,327,17:34:28
737,201,17:34:28
648,236,17:34:28
582,277,17:34:28
508,323,17:34:28
521,337,17:34:28
505,343,17:34:28
474,322,17:34:28
502,293,17:34:28
527,254,17:34:28
498,238,17:34:28
517,186,17:34:28
532,203,17:34:28
517,151,17:34:28
560,101,17:34:28
585,84,17:34:28
639,72,17:34:28
642,40,17:34:28
609,62,17:34:28
619,5,17:34:28
620,61,17:34:28
631,64,17:34:28
619,28,17:34:28
667,0,17:34:28
654,0,17:34:28
679,0,17:34:29
676,7,17:34:29
665,0,17:34:29
664,0,17:34:29
652,27,17:34:29
642,3,17:34:29
645,0,17:34:29
653,0,17:34:29
639,0,17:34:29
643,0,17:34:29
656,12,17:34:29
511,0,17:34:29
487,20,17:34:29
516,7,17:34:29
503,42,17:34:29
525,27,17:34:29
485,14,17:34:29
502,23,17:34:29
492,7,17:34:29
472,25,17:34:29
494,8,17:34:29
493,42,17:34:29
542,0,17:34:29
696,0,17:34:29
735,51,17:34:29
756,0,17:34:29
743,12,17:34:29
699,4,17:34:29
728,44,17:34:29
776,47,17:34:29
767,0,17:34:30
720,40,17:34:30
717,28,17:34:30
723,22,17:34:30
708,0,17:34:30
762,11,17:34:30
741,5,17:34:30
725,11,17:34:30
746,0,17:34:30
723,0,17:34:30
761,0,17:34:30
766,0,17:34:30
781,0,17:34:30
812,0,17:34:30
785,0,17:34:30
758,0,17:34:30
739,146,17:34:30
709,383,17:34:30
705,551,17:34:30
700,548,17:34:30
735,438,17:34:30
778,342,17:34:30
843,198,17:34:30
813,215,17:34:30
793,286,17:34:30
784,263,17:34:30
802,261,17:34:30
792,270,17:34:30
792,255,17:34:30
800,210,17:34:30
778,211,17:34:31
770,182,17:34:31
757,140,17:34:31
768,119,17:34:31
767,86,17:34:31
793,60,17:34:31
764,60,17:34:31
764,38,17:34:31
784,0,17:34:31
745,32,17:34:31
778,26,17:34:31
815,0,17:34:31
834,0,17:34:31
819,0,17:34:31
804,0,17:34:31
803,0,17:34:31
794,0,17:34:31
813,0,17:34:31
806,0,17:34:31
821,0,17:34:31
822,0,17:34:31
804,0,17:34:31
811,0,17:34:31
811,0,17:34:31
799,0,17:34:31
805,0,17:34:31
622,5,17:34:31
390,89,17:34:31
395,91,17:34:31
373,95,17:34:31
371,109,17:34:32
358,102,17:34:32
350,112,17:34:32
297,116,17:34:32
314,127,17:34:32
316,119,17:34:32
326,123,17:34:32
304,121,17:34:32
315,140,17:34:32
294,118,17:34:32
327,116,17:34:32
321,140,17:34:32
373,154,17:34:32
378,112,17:34:32
384,118,17:34:32
367,114,17:34:32
408,117,17:34:32
363,102,17:34:32
406,116,17:34:32
384,114,17:34:32
418,128,17:34:32
423,119,17:34:32
428,102,17:34:32
402,96,17:34:32
409,93,17:34:32
389,144,17:34:32
410,121,17:34:32
476,83,17:34:32
459,118,17:34:32
460,135,17:34:32
486,94,17:34:33
462,97,17:34:33
443,133,17:34:33
447,159,17:34:33
457,154,17:34:33
462,147,17:34:33
423,108,17:34:33
448,140,17:34:33
461,94,17:34:33
445,129,17:34:33
455,123,17:34:33
448,111,17:34:33
446,104,17:34:33
437,144,17:34:33
484,110,17:34:33
504,81,17:34:33
510,126,17:34:33
520,106,17:34:33
492,103,17:34:33
467,102,17:34:33
517,66,17:34:33
476,66,17:34:33
498,54,17:34:33
510,103,17:34:33
511,103,17:34:33
504,88,17:34:33
514,101,17:34:33
504,44,17:34:33
529,106,17:34:33
502,85,17:34:33
520,97,17:34:34
481,101,17:34:34
505,109,17:34:34
511,97,17:34:34
531,125,17:34:34
560,68,17:34:34
588,98,17:34:34
575,62,17:34:34
557,87,17:34:34
570,50,17:34:34
596,51,17:34:34
608,51,17:34:34
658,65,17:34:34
684,46,17:34:34
670,16,17:34:34
715,72,17:34:34
676,55,17:34:34
644,49,17:34:34
679,67,17:34:34
680,53,17:34:34
707,44,17:34:34
697,4,17:34:34
684,38,17:34:34
703,32,17:34:34
684,73,17:34:34
715,65,17:34:34
760,1,17:34:34
791,22,17:34:34
790,0,17:34:34
778,18,17:34:34
773,0,17:34:34
761,20,17:34:35
773,0,17:34:35
801,9,17:34:35
806,0,17:34:35
811,0,17:34:35
816,0,17:34:35
788,0,17:34:35
801,5,17:34:35
824,0,17:34:35
752,0,17:34:35
781,0,17:34:35
791,0,17:34:35
780,0,17:34:35
805,0,17:34:35
797,6,17:34:35
767,0,17:34:35
583,87,17:34:35
357,143,17:34:35
344,140,17:34:35
314,165,17:34:35
364,130,17:34:35
338,175,17:34:35
336,122,17:34:35
334,137,17:34:35
403,149,17:34:35
401,106,17:34:35
429,80,17:34:35
424,99,17:34:35
386,181,17:34:35
384,134,17:34:35
365,136,17:34:36
387,129,17:34:36
432,96,17:34:36
371,100,17:34:36
368,167,17:34:36
350,135,17:34:36
359,168,17:34:36
350,158,17:34:36
361,165,17:34:36
311,125,17:34:36
339,149,17:34:36
327,149,17:34:36
372,143,17:34:36
392,181,17:34:36
354,191,17:34:36
384,158,17:34:36
378,146,17:34:36
371,179,17:34:36
394,147,17:34:36
401,151,17:34:36
419,144,17:34:36
448,190,17:34:36
439,192,17:34:36
456,154,17:34:36
439,149,17:34:36
421,146,17:34:36
477,149,17:34:36
432,161,17:34:36
452,148,17:34:36
458,115,17:34:36
439,165,17:34:37
480,141,17:34:37
542,122,17:34:37
587,125,17:34:37
532,142,17:34:37
575,138,17:34:37
555,167,17:34:37
550,177,17:34:37
544,170,17:34:37
555,163,17:34:37
587,149,17:34:37
596,137,17:34:37
567,165,17:34:37
566,203,17:34:37
564,181,17:34:37
579,92,17:34:37
626,105,17:34:37
655,93,17:34:37
627,126,17:34:37
654,151,17:34:37
671,106,17:34:37
664,117,17:34:37
659,67,17:34:37
640,123,17:34:37
701,142,17:34:37
725,124,17:34:37
710,68,17:34:37
740,117,17:34:37
742,84,17:34:37
761,60,17:34:37
737,93,17:34:38
735,137,17:34:38
759,134,17:34:38
751,78,17:34:38
770,106,17:34:38
772,103,17:34:38
768,164,17:34:38
774,141,17:34:38
760,126,17:34:38
754,107,17:34:38
768,120,17:34:38
757,96,17:34:38
783,131,17:34:38
779,115,17:34:38
752,103,17:34:38
775,132,17:34:38
742,81,17:34:38
779,115,17:34:38
780,127,17:34:38
777,98,17:34:38
729,102,17:34:38
743,134,17:34:38
771,121,17:34:38
745,143,17:34:38
718,132,17:34:38
439,240,17:34:38
368,225,17:34:38
368,270,17:34:38
391,199,17:34:38
386,188,17:34:38
357,189,17:34:39
374,242,17:34:39
313,282,17:34:39
331,259,17:34:39
336,254,17:34:39
339,210,17:34:39
358,220,17:34:39
324,323,17:34:39
394,232,17:34:39
395,244,17:34:39
411,265,17:34:39
436,223,17:34:39
391,241,17:34:39
450,222,17:34:39
418,222,17:34:39
403,219,17:34:39
422,212,17:34:39
422,218,17:34:39
426,235,17:34:39
430,230,17:34:39
437,238,17:34:39
420,278,17:34:39
431,223,17:34:39
532,179,17:34:39
552,195,17:34:39
516,208,17:34:39
498,282,17:34:39
537,166,17:34:39
551,236,17:34:39
548,232,17:34:39
549,216,17:34:39
503,190,17:34:40
522,214,17:34:40
502,201,17:34:40
527,298,17:34:40
510,262,17:34:40
498,150,17:34:40
502,181,17:34:40
624,156,17:34:40
656,178,17:34:40
663,155,17:34:40
681,129,17:34:40
672,169,17:34:40
663,176,17:34:40
652,185,17:34:40
665,142,17:34:40
706,213,17:34:40
752,144,17:34:40
747,134,17:34:40
753,131,17:34:40
760,155,17:34:40
757,163,17:34:40
784,145,17:34:40
759,142,17:34:40
761,121,17:34:40
799,156,17:34:40
794,64,17:34:40
788,155,17:34:40
793,126,17:34:40
773,167,17:34:40
788,110,17:34:41
766,133,17:34:41
602,202,17:34:41
412,215,17:34:41
355,273,17:34:41
379,201,17:34:41
353,224,17:34:41
368,265,17:34:41
368,250,17:34:41
364,254,17:34:41
348,252,17:34:41
379,251,17:34:41
386,267,17:34:41
364,308,17:34:41
351,264,17:34:41
391,256,17:34:41
446,249,17:34:41
410,240,17:34:41
423,241,17:34:41
451,207,17:34:41
416,271,17:34:41
451,255,17:34:41
449,274,17:34:41
469,273,17:34:41
444,258,17:34:41
445,236,17:34:41
485,253,17:34:41
432,224,17:34:41
474,293,17:34:41
521,301,17:34:41
494,255,17:34:41
564,231,17:34:42
527,201,17:34:42
521,208,17:34:42
548,272,17:34:42
538,251,17:34:42
510,244,17:34:42
548,226,17:34:42
555,268,17:34:42
560,236,17:34:42
545,234,17:34:42
513,238,17:34:42
517,277,17:34:42
534,218,17:34:42
546,210,17:34:42
546,247,17:34:42
582,201,17:34:42
598,206,17:34:42
537,245,17:34:42
596,235,17:34:42
560,185,17:34:42
603,231,17:34:42
631,206,17:34:42
604,215,17:34:42
662,187,17:34:42
630,178,17:34:42
611,243,17:34:42
645,221,17:34:42
626,225,17:34:42
607,240,17:34:42
642,212,17:34:42
638,209,17:34:43
655,217,17:34:43
603,220,17:34:43
616,239,17:34:43
607,227,17:34:43
712,176,17:34:43
702,239,17:34:43
718,236,17:34:43
701,221,17:34:43
708,217,17:34:43
702,246,17:34:43
698,215,17:34:43
693,239,17:34:43
707,215,17:34:43
699,215,17:34:43
683,207,17:34:43
707,172,17:34:43
708,258,17:34:43
818,216,17:34:43
798,170,17:34:43
808,181,17:34:43
778,146,17:34:43
790,205,17:34:43
830,159,17:34:43
790,186,17:34:43
696,242,17:34:43
379,290,17:34:43
326,304,17:34:43
334,272,17:34:43
334,299,17:34:43
359,283,17:34:44
343,252,17:34:44
316,298,17:34:44
314,281,17:34:44
311,285,17:34:44
282,323,17:34:44
350,319,17:34:44
326,238,17:34:44
333,303,17:34:44
332,262,17:34:44
404,268,17:34:44
410,330,17:34:44
435,286,17:34:44
406,311,17:34:44
442,264,17:34:44
421,316,17:34:44
411,298,17:34:44
511,293,17:34:44
487,243,17:34:44
560,260,17:34:44
530,242,17:34:44
533,272,17:34:44
498,271,17:34:44
549,336,17:34:44
552,292,17:34:44
553,254,17:34:44
610,224,17:34:44
564,323,17:34:44
599,285,17:34:44
618,289,17:34:44
615,307,17:34:45
685,320,17:34:45
709,302,17:34:45
694,241,17:34:45
676,280,17:34:45
716,261,17:34:45
701,255,17:34:45
743,310,17:34:45
744,285,17:34:45
724,283,17:34:45
742,244,17:34:45
761,253,17:34:45
714,257,17:34:45
570,313,17:34:45
374,369,17:34:45
344,357,17:34:45
352,358,17:34:45
341,344,17:34:45
339,361,17:34:45
316,359,17:34:45
333,361,17:34:45
335,341,17:34:45
306,344,17:34:45
288,373,17:34:45
285,397,17:34:45
316,371,17:34:45
360,311,17:34:45
426,392,17:34:45
409,406,17:34:45
401,382,17:34:45
397,389,17:34:46
392,369,17:34:46
388,403,17:34:46
386,393,17:34:46
369,377,17:34:46
416,391,17:34:46
434,323,17:34:46
461,374,17:34:46
426,388,17:34:46
438,335,17:34:46
486,370,17:34:46
541,367,17:34:46
553,344,17:34:46
532,350,17:34:46
558,385,17:34:46
517,332,17:34:46
534,399,17:34:46
578,337,17:34:46
530,406,17:34:46
611,367,17:34:46
627,336,17:34:46
613,342,17:34:46
643,359,17:34:46
594,320,17:34:46
635,393,17:34:46
636,355,17:34:46
621,396,17:34:46
618,403,17:34:46
658,366,17:34:46
752,312,17:34:46
734,348,17:34:46
719,344,17:34:47
706,320,17:34:47
767,340,17:34:47
729,380,17:34:47
711,321,17:34:47
682,340,17:34:47
713,348,17:34:47
736,324,17:34:47
729,352,17:34:47
748,344,17:34:47
735,312,17:34:47
747,321,17:34:47
747,344,17:34:47
554,414,17:34:47
350,374,17:34:47
326,410,17:34:47
299,380,17:34:47
291,443,17:34:47
314,423,17:34:47
342,382,17:34:47
307,414,17:34:47
307,410,17:34:47
324,405,17:34:47
335,405,17:34:47
324,398,17:34:47
325,408,17:34:47
303,421,17:34:47
348,390,17:34:47
454,440,17:34:47
422,433,17:34:47
403,447,17:34:48
423,450,17:34:48
397,365,17:34:48
390,426,17:34:48
422,415,17:34:48
404,398,17:34:48
411,405,17:34:48
417,446,17:34:48
385,397,17:34:48
408,438,17:34:48
368,395,17:34:48
402,420,17:34:48
403,427,17:34:48
383,493,17:34:48
417,371,17:34:48
372,442,17:34:48
422,438,17:34:48
407,462,17:34:48
410,425,17:34:48
413,455,17:34:48
405,425,17:34:48
504,417,17:34:48
545,393,17:34:48
597,374,17:34:48
583,433,17:34:48
574,425,17:34:48
594,420,17:34:48
572,401,17:34:48
573,456,17:34:48
581,438,17:34:48
573,440,17:34:49
622,363,17:34:49
642,422,17:34:49
669,472,17:34:49
625,413,17:34:49
732,368,17:34:49
736,387,17:34:49
727,346,17:34:49
764,384,17:34:49
723,429,17:34:49
762,371,17:34:49
752,402,17:34:49
773,430,17:34:49
765,395,17:34:49
881,350,17:34:49
901,374,17:34:49
883,329,17:34:49
865,396,17:34:49
871,351,17:34:49
859,392,17:34:49
874,372,17:34:49
880,349,17:34:49
849,323,17:34:49
786,434,17:34:49
655,600,17:34:49
679,593,17:34:49
675,571,17:34:49
726,493,17:34:49
784,434,17:34:49
779,382,17:34:49
808,338,17:34:50
843,329,17:34:50
830,338,17:34:50
860,304,17:34:50
813,324,17:34:50
850,317,17:34:50
849,330,17:34:50
859,338,17:34:50
876,368,17:34:50
834,370,17:34:50
881,359,17:34:50
900,345,17:34:50
856,359,17:34:50
863,382,17:34:50
863,366,17:34:50
870,366,17:34:50
847,390,17:34:50
851,326,17:34:50
885,377,17:34:50
893,340,17:34:50
913,339,17:34:50
874,355,17:34:50
916,397,17:34:50
887,339,17:34:50
881,362,17:34:50
957,370,17:34:50
898,349,17:34:50
907,394,17:34:50
896,332,17:34:50
928,286,17:34:50
890,268,17:34:51
937,314,17:34:51
938,293,17:34:51
914,269,17:34:51
902,288,17:34:51
882,301,17:34:51
885,323,17:34:51
858,312,17:34:51
869,329,17:34:51
910,299,17:34:51
895,260,17:34:51
831,271,17:34:51
871,207,17:34:51
881,216,17:34:51
851,137,17:34:51
863,21,17:34:51
866,0,17:34:51
858,0,17:34:51
901,0,17:34:51
931,0,17:34:51
906,0,17:34:51
950,0,17:34:51
905,0,17:34:51
916,0,17:34:51
947,0,17:34:51
921,0,17:34:51
933,0,17:34:51
906,0,17:34:51
870,0,17:34:51
811,0,17:34:51
803,0,17:34:51
820,0,17:34:52
798,0,17:34:52
802,0,17:34:52
804,0,17:34:52
834,0,17:34:52
930,0,17:34:52
963,0,17:34:52
938,0,17:34:52
953,0,17:34:52
897,0,17:34:52
941,0,17:34:52
942,0,17:34:52
950,0,17:34:52
940,0,17:34:52
965,0,17:34:52
1017,0,17:34:52
1042,0,17:34:52
995,0,17:34:52
1010,0,17:34:52
1070,0,17:34:52
1105,0,17:34:52
1092,0,17:34:52
1091,0,17:34:52
1065,0,17:34:52
1096,0,17:34:52
982,0,17:34:52
626,0,17:34:52
417,0,17:34:52
391,0,17:34:52
381,0,17:34:52
382,14,17:34:53
389,0,17:34:53
337,13,17:34:53
352,0,17:34:53
314,4,17:34:53
329,0,17:34:53
327,0,17:34:53
340,7,17:34:53
368,0,17:34:53
394,0,17:34:53
408,0,17:34:53
420,0,17:34:53
419,2,17:34:53
435,3,17:34:53
436,0,17:34:53
484,0,17:34:53
485,0,17:34:53
485,0,17:34:53
496,0,17:34:53
491,0,17:34:53
545,0,17:34:53
557,0,17:34:53
550,0,17:34:53
549,0,17:34:53
556,0,17:34:53
544,0,17:34:53
601,0,17:34:53
649,0,17:34:53
609,0,17:34:53
657,0,17:34:53
636,0,17:34:54
650,0,17:34:54
666,0,17:34:54
637,0,17:34:54
602,0,17:34:54
611,0,17:34:54
630,0,17:34:54
632,0,17:34:54
604,0,17:34:54
650,0,17:34:54
693,0,17:34:54
705,0,17:34:54
698,0,17:34:54
714,0,17:34:54
701,0,17:34:54
697,0,17:34:54
735,0,17:34:54
691,0,17:34:54
724,0,17:34:54
749,0,17:34:54
734,0,17:34:54
738,0,17:34:54
709,0,17:34:54
761,0,17:34:54
833,0,17:34:54
840,0,17:34:54
820,0,17:34:54
840,0,17:34:54
824,0,17:34:54
808,0,17:34:54
830,0,17:34:55
850,0,17:34:55
813,0,17:34:55
906,0,17:34:55
913,0,17:34:55
924,0,17:34:55
925,0,17:34:55
914,0,17:34:55
906,0,17:34:55
894,0,17:34:55
893,0,17:34:55
901,0,17:34:55
962,0,17:34:55
929,0,17:34:55
872,0,17:34:55
962,0,17:34:55
948,0,17:34:55
899,0,17:34:55
915,0,17:34:55
910,0,17:34:55
994,0,17:34:55
1001,0,17:34:55
997,0,17:34:55
1039,0,17:34:55
999,0,17:34:55
1000,0,17:34:55
1027,0,17:34:55
989,0,17:34:55
1031,0,17:34:55
1026,0,17:34:55
1045,0,17:34:56
1072,0,17:34:56
1080,0,17:34:56
1068,0,17:34:56
1096,0,17:34:56
1067,0,17:34:56
1072,0,17:34:56
1081,0,17:34:56
1098,0,17:34:56
1100,0,17:34:56
1059,0,17:34:56
1071,0,17:34:56
1089,0,17:34:56
1085,0,17:34:56
1127,0,17:34:56
1082,0,17:34:56
1108,0,17:34:56
1079,0,17:34:56
1090,0,17:34:56
1117,0,17:34:56
1038,0,17:34:56
757,0,17:34:56
511,0,17:34:56
466,0,17:34:56
443,0,17:34:56
477,0,17:34:56
442,0,17:34:56
360,3,17:34:56
352,0,17:34:56
360,0,17:34:56
356,0,17:34:56
373,7,17:34:57
352,0,17:34:57
337,0,17:34:57
369,0,17:34:57
351,0,17:34:57
359,0,17:34:57
382,0,17:34:57
385,0,17:34:57
395,0,17:34:57
386,0,17:34:57
360,0,17:34:57
387,0,17:34:57
393,0,17:34:57
487,0,17:34:57
443,0,17:34:57
463,11,17:34:57
470,0,17:34:57
483,5,17:34:57
464,0,17:34:57
457,0,17:34:57
474,0,17:34:57
470,0,17:34:57
464,0,17:34:57
505,0,17:34:57
540,0,17:34:57
523,0,17:34:57
509,0,17:34:57
542,0,17:34:57
512,0,17:34:57
515,0,17:34:57
510,0,17:34:58
503,0,17:34:58
511,0,17:34:58
508,4,17:34:58
567,0,17:34:58
574,0,17:34:58
592,0,17:34:58
563,0,17:34:58
573,0,17:34:58
580,0,17:34:58
622,0,17:34:58
659,0,17:34:58
680,0,17:34:58
678,0,17:34:58
685,0,17:34:58
628,0,17:34:58
665,0,17:34:58
666,0,17:34:58
649,0,17:34:58
679,0,17:34:58
699,0,17:34:58
736,0,17:34:58
740,0,17:34:58
755,0,17:34:58
757,0,17:34:58
718,0,17:34:58
815,0,17:34:58
771,0,17:34:58
795,0,17:34:58
808,0,17:34:58
796,0,17:34:59
812,0,17:34:59
819,0,17:34:59
897,0,17:34:59
864,0,17:34:59
875,0,17:34:59
886,0,17:34:59
856,0,17:34:59
873,0,17:34:59
942,0,17:34:59
932,0,17:34:59
927,0,17:34:59
930,0,17:34:59
1006,0,17:34:59
1003,0,17:34:59
1005,0,17:34:59
998,0,17:34:59
975,0,17:34:59
993,0,17:34:59
996,0,17:34:59
985,0,17:34:59
992,0,17:34:59
981,0,17:34:59
976,0,17:34:59
962,0,17:34:59
966,0,17:34:59
1056,0,17:34:59
1059,0,17:34:59
1099,0,17:34:59
1050,0,17:34:59
1077,0,17:35:00
1082,0,17:35:00
1054,0,17:35:00
838,0,17:35:00
552,0,17:35:00
406,6,17:35:00
405,0,17:35:00
438,0,17:35:00
387,26,17:35:00
412,7,17:35:00
384,10,17:35:00
360,0,17:35:00
355,51,17:35:00
385,18,17:35:00
351,0,17:35:00
426,2,17:35:00
454,0,17:35:00
457,0,17:35:00
449,29,17:35:00
430,62,17:35:00
446,19,17:35:00
452,19,17:35:00
350,32,17:35:00
339,16,17:35:00
315,38,17:35:00
329,44,17:35:00
319,22,17:35:00
309,68,17:35:00
311,61,17:35:00
327,84,17:35:00
332,41,17:35:01
409,46,17:35:01
413,8,17:35:01
429,40,17:35:01
412,25,17:35:01
430,45,17:35:01
481,3,17:35:01
485,35,17:35:01
486,38,17:35:01
526,46,17:35:01
519,0,17:35:01
486,11,17:35:01
493,18,17:35:01
527,19,17:35:01
558,1,17:35:01
565,31,17:35:01
577,19,17:35:01
549,34,17:35:01
540,21,17:35:01
582,8,17:35:01
477,39,17:35:01
492,106,17:35:01
506,23,17:35:01
503,51,17:35:01
449,56,17:35:01
431,57,17:35:01
443,35,17:35:01
411,21,17:35:01
421,77,17:35:01
427,61,17:35:01
425,65,17:35:01
519,17,17:35:02
656,0,17:35:02
676,0,17:35:02
652,0,17:35:02
671,0,17:35:02
656,0,17:35:02
687,0,17:35:02
788,0,17:35:02
822,0,17:35:02
784,0,17:35:02
810,0,17:35:02
837,0,17:35:02
797,0,17:35:02
833,0,17:35:02
825,0,17:35:02
883,0,17:35:02
896,0,17:35:02
882,0,17:35:02
895,0,17:35:02
881,0,17:35:02
884,0,17:35:02
872,0,17:35:02
871,0,17:35:02
919,0,17:35:02
944,0,17:35:02
960,0,17:35:02
928,0,17:35:02
916,0,17:35:02
952,0,17:35:02
1008,0,17:35:02
1020,0,17:35:03
1038,0,17:35:03
1007,0,17:35:03
1004,0,17:35:03
1015,0,17:35:03
1065,0,17:35:03
1030,0,17:35:03
1049,0,17:35:03
1087,0,17:35:03
1076,0,17:35:03
1070,0,17:35:03
1078,0,17:35:03
1079,0,17:35:03
822,0,17:35:03
560,0,17:35:03
382,0,17:35:03
408,0,17:35:03
385,0,17:35:03
401,0,17:35:03
369,0,17:35:03
400,0,17:35:03
356,0,17:35:03
379,0,17:35:03
341,0,17:35:03
347,0,17:35:03
371,11,17:35:03
370,0,17:35:03
406,0,17:35:03
453,0,17:35:03
440,0,17:35:03
418,7,17:35:04
423,9,17:35:04
438,0,17:35:04
427,0,17:35:04
491,0,17:35:04
515,0,17:35:04
482,0,17:35:04
499,0,17:35:04
499,0,17:35:04
500,0,17:35:04
515,0,17:35:04
497,0,17:35:04
524,5,17:35:04
501,0,17:35:04
519,0,17:35:04
610,0,17:35:04
628,0,17:35:04
623,0,17:35:04
612,0,17:35:04
642,0,17:35:04
643,0,17:35:04
618,0,17:35:04
624,0,17:35:04
725,0,17:35:04
729,0,17:35:04
746,0,17:35:04
721,0,17:35:04
719,0,17:35:04
712,0,17:35:04
643,0,17:35:04
596,0,17:35:05
606,0,17:35:05
616,0,17:35:05
597,0,17:35:05
588,0,17:35:05
638,0,17:35:05
592,0,17:35:05
671,0,17:35:05
777,0,17:35:05
773,0,17:35:05
760,0,17:35:05
757,0,17:35:05
783,0,17:35:05
776,0,17:35:05
753,0,17:35:05
839,0,17:35:05
795,0,17:35:05
863,0,17:35:05
811,0,17:35:05
830,0,17:35:05
864,0,17:35:05
906,0,17:35:05
935,0,17:35:05
890,0,17:35:05
934,0,17:35:05
941,0,17:35:05
909,0,17:35:05
983,0,17:35:05
950,0,17:35:05
944,0,17:35:05
976,0,17:35:06
967,0,17:35:06
1003,0,17:35:06
954,0,17:35:06
990,0,17:35:06
961,0,17:35:06
972,0,17:35:06
992,0,17:35:06
1003,0,17:35:06
962,0,17:35:06
810,0,17:35:06
767,0,17:35:06
770,0,17:35:06
781,0,17:35:06
791,0,17:35:06
751,2,17:35:06
706,0,17:35:06
765,0,17:35:06
749,0,17:35:06
746,0,17:35:06
719,0,17:35:06
664,0,17:35:06
663,0,17:35:06
662,0,17:35:06
660,0,17:35:06
671,0,17:35:06
639,0,17:35:06
674,0,17:35:06
661,0,17:35:06
696,0,17:35:06
689,0,17:35:07
649,0,17:35:07
686,0,17:35:07
765,0,17:35:07
725,0,17:35:07
754,0,17:35:07
722,0,17:35:07
750,0,17:35:07
724,0,17:35:07
745,0,17:35:07
759,0,17:35:07
848,0,17:35:07
838,0,17:35:07
826,0,17:35:07
851,0,17:35:07
842,0,17:35:07
868,0,17:35:07
848,0,17:35:07
848,0,17:35:07
843,0,17:35:07
850,0,17:35:07
893,0,17:35:07
856,0,17:35:07
904,0,17:35:07
896,0,17:35:07
924,0,17:35:07
948,0,17:35:07
977,0,17:35:07
1003,0,17:35:07
946,0,17:35:07
966,0,17:35:07
973,0,17:35:08
945,0,17:35:08
961,0,17:35:08
1007,0,17:35:08
1052,0,17:35:08
1034,0,17:35:08
1013,0,17:35:08
1016,0,17:35:08
1007,0,17:35:08
1032,0,17:35:08
1095,0,17:35:08
1061,0,17:35:08
1082,0,17:35:08
1141,0,17:35:08
1072,0,17:35:08
1053,0,17:35:08
1053,0,17:35:08
1007,0,17:35:08
1028,0,17:35:08
1046,0,17:35:08
1032,0,17:35:08
1018,0,17:35:08
1143,0,17:35:08
1122,0,17:35:08
1121,0,17:35:08
1106,0,17:35:08
1121,0,17:35:08
1111,0,17:35:08
1118,0,17:35:08
1102,0,17:35:08
1109,0,17:35:09
1129,0,17:35:09
1140,0,17:35:09
1141,0,17:35:09
1121,0,17:35:09
1166,0,17:35:09
1060,0,17:35:09
745,0,17:35:09
467,30,17:35:09
403,9,17:35:09
371,26,17:35:09
371,14,17:35:09
405,21,17:35:09
392,16,17:35:09
371,26,17:35:09
391,31,17:35:09
390,74,17:35:09
383,45,17:35:09
425,47,17:35:09
451,49,17:35:09
443,64,17:35:09
452,31,17:35:09
442,62,17:35:09
482,65,17:35:09
456,44,17:35:09
519,53,17:35:09
545,0,17:35:09
544,22,17:35:09
551,20,17:35:09
543,31,17:35:09
546,74,17:35:10
544,41,17:35:10
561,12,17:35:10
583,33,17:35:10
590,35,17:35:10
619,7,17:35:10
617,48,17:35:10
595,28,17:35:10
593,8,17:35:10
610,58,17:35:10
606,12,17:35:10
608,70,17:35:10
657,16,17:35:10
664,33,17:35:10
652,0,17:35:10
671,19,17:35:10
657,1,17:35:10
642,10,17:35:10
656,65,17:35:10
658,0,17:35:10
649,4,17:35:10
686,0,17:35:10
720,10,17:35:10
695,0,17:35:10
712,0,17:35:10
714,0,17:35:10
723,0,17:35:10
693,0,17:35:10
736,0,17:35:10
715,0,17:35:10
769,0,17:35:11
763,0,17:35:11
777,0,17:35:11
738,0,17:35:11
761,0,17:35:11
760,0,17:35:11
855,0,17:35:11
850,0,17:35:11
879,0,17:35:11
821,0,17:35:11
831,0,17:35:11
861,0,17:35:11
873,0,17:35:11
845,0,17:35:11
827,0,17:35:11
847,0,17:35:11
909,0,17:35:11
917,0,17:35:11
935,0,17:35:11
921,0,17:35:11
931,0,17:35:11
958,0,17:35:11
926,0,17:35:11
888,0,17:35:11
916,0,17:35:11
901,0,17:35:11
909,0,17:35:11
922,0,17:35:11
938,0,17:35:11
903,0,17:35:11
929,0,17:35:12
944,0,17:35:12
965,0,17:35:12
958,0,17:35:12
957,0,17:35:12
975,0,17:35:12
957,0,17:35:12
940,0,17:35:12
965,0,17:35:12
969,0,17:35:12
957,0,17:35:12
952,0,17:35:12
949,0,17:35:12
965,0,17:35:12
956,0,17:35:12
996,0,17:35:12
924,0,17:35:12
953,0,17:35:12
949,0,17:35:12
936,0,17:35:12
912,0,17:35:12
967,0,17:35:12
962,0,17:35:12
1018,0,17:35:12
995,0,17:35:12
1008,0,17:35:12
989,0,17:35:12
1026,0,17:35:12
1061,0,17:35:12
1035,0,17:35:12
1050,0,17:35:13
1032,0,17:35:13
933,0,17:35:13
768,4,17:35:13
787,0,17:35:13
812,0,17:35:13
851,0,17:35:13
807,0,17:35:13
792,28,17:35:13
735,58,17:35:13
783,23,17:35:13
771,3,17:35:13
738,0,17:35:13
675,47,17:35:13
452,94,17:35:13
391,87,17:35:13
371,93,17:35:13
393,94,17:35:13
361,84,17:35:13
372,104,17:35:13
369,84,17:35:13
358,90,17:35:13
379,127,17:35:13
355,117,17:35:13
431,116,17:35:13
448,118,17:35:13
441,99,17:35:13
448,83,17:35:13
438,116,17:35:13
451,82,17:35:13
424,111,17:35:13
429,90,17:35:14
483,77,17:35:14
520,76,17:35:14
501,77,17:35:14
514,80,17:35:14
508,111,17:35:14
517,90,17:35:14
496,77,17:35:14
488,81,17:35:14
448,78,17:35:14
466,117,17:35:14
482,70,17:35:14
478,68,17:35:14
474,129,17:35:14
461,85,17:35:14
478,92,17:35:14
519,120,17:35:14
489,62,17:35:14
494,136,17:35:14
516,93,17:35:14
509,84,17:35:14
478,157,17:35:14
503,72,17:35:14
502,105,17:35:14
521,121,17:35:14
562,77,17:35:14
557,48,17:35:14
580,59,17:35:14
616,45,17:35:14
609,92,17:35:14
602,72,17:35:15
624,67,17:35:15
584,88,17:35:15
590,73,17:35:15
603,45,17:35:15
607,59,17:35:15
625,52,17:35:15
605,81,17:35:15
638,71,17:35:15
639,70,17:35:15
630,69,17:35:15
662,84,17:35:15
707,26,17:35:15
691,35,17:35:15
681,3,17:35:15
715,9,17:35:15
691,0,17:35:15
710,11,17:35:15
721,21,17:35:15
772,9,17:35:15
771,0,17:35:15
790,0,17:35:15
751,0,17:35:15
774,0,17:35:15
784,11,17:35:15
739,0,17:35:15
769,18,17:35:15
769,0,17:35:15
773,0,17:35:15
849,0,17:35:15
900,0,17:35:16
908,0,17:35:16
859,0,17:35:16
882,7,17:35:16
882,0,17:35:16
902,0,17:35:16
875,0,17:35:16
873,0,17:35:16
872,0,17:35:16
864,0,17:35:16
851,0,17:35:16
861,0,17:35:16
879,0,17:35:16
888,0,17:35:16
862,0,17:35:16
944,0,17:35:16
945,0,17:35:16
1001,0,17:35:16
935,0,17:35:16
968,0,17:35:16
958,0,17:35:16
917,0,17:35:16
1011,12,17:35:16
976,0,17:35:16
1039,0,17:35:16
1007,0,17:35:16
1026,0,17:35:16
1033,0,17:35:16
1040,0,17:35:16
1036,0,17:35:16
1073,11,17:35:17
1065,0,17:35:17
1106,21,17:35:17
1055,0,17:35:17
1032,0,17:35:17
1049,0,17:35:17
1087,36,17:35:17
1086,40,17:35:17
1069,1,17:35:17
1095,0,17:35:17
1000,0,17:35:17
665,39,17:35:17
458,105,17:35:17
398,105,17:35:17
417,81,17:35:17
392,121,17:35:17
382,101,17:35:17
375,98,17:35:17
321,137,17:35:17
343,121,17:35:17
386,89,17:35:17
346,88,17:35:17
352,111,17:35:17
475,54,17:35:17
437,86,17:35:17
448,102,17:35:17
427,82,17:35:17
458,105,17:35:17
447,100,17:35:17
466,116,17:35:17
474,87,17:35:18
461,85,17:35:18
460,108,17:35:18
511,96,17:35:18
540,74,17:35:18
515,77,17:35:18
541,91,17:35:18
500,106,17:35:18
506,106,17:35:18
528,72,17:35:18
502,119,17:35:18
509,70,17:35:18
499,84,17:35:18
457,114,17:35:18
477,98,17:35:18
472,127,17:35:18
486,133,17:35:18
464,121,17:35:18
432,105,17:35:18
461,115,17:35:18
432,129,17:35:18
449,118,17:35:18
489,114,17:35:18
547,59,17:35:18
526,114,17:35:18
559,90,17:35:18
535,112,17:35:18
549,118,17:35:18
523,100,17:35:18
626,104,17:35:18
613,99,17:35:18
610,82,17:35:19
583,102,17:35:19
614,105,17:35:19
624,114,17:35:19
605,83,17:35:19
636,97,17:35:19
585,90,17:35:19
626,79,17:35:19
613,119,17:35:19
544,69,17:35:19
498,152,17:35:19
491,118,17:35:19
530,127,17:35:19
523,106,17:35:19
539,129,17:35:19
566,117,17:35:19
638,123,17:35:19
648,93,17:35:19
640,98,17:35:19
628,89,17:35:19
645,79,17:35:19
639,104,17:35:19
638,88,17:35:19
633,91,17:35:19
673,100,17:35:19
701,82,17:35:19
695,106,17:35:19
685,68,17:35:19
732,52,17:35:19
703,95,17:35:19
717,103,17:35:20
705,62,17:35:20
667,85,17:35:20
741,132,17:35:20
615,92,17:35:20
649,142,17:35:20
672,109,17:35:20
674,109,17:35:20
667,116,17:35:20
652,80,17:35:20
709,25,17:35:20
741,66,17:35:20
734,73,17:35:20
702,102,17:35:20
725,80,17:35:20
807,15,17:35:20
961,23,17:35:20
964,0,17:35:20
956,8,17:35:20
964,0,17:35:20
951,3,17:35:20
972,44,17:35:20
955,4,17:35:20
937,30,17:35:20
928,31,17:35:20
972,40,17:35:20
970,36,17:35:20
989,92,17:35:20
982,60,17:35:20
992,38,17:35:20
1008,77,17:35:21
1014,44,17:35:21
814,45,17:35:21
553,99,17:35:21
435,106,17:35:21
422,110,17:35:21
420,131,17:35:21
398,123,17:35:21
424,99,17:35:21
452,194,17:35:21
629,541,17:35:21
661,621,17:35:21
692,562,17:35:21
652,488,17:35:21
635,404,17:35:21
606,267,17:35:21
563,301,17:35:21
592,302,17:35:21
535,368,17:35:21
500,365,17:35:21
501,342,17:35:21
516,325,17:35:21
425,317,17:35:21
464,334,17:35:21
463,278,17:35:21
464,320,17:35:21
503,223,17:35:21
485,252,17:35:21
576,275,17:35:21
573,226,17:35:21
606,207,17:35:22
595,214,17:35:22
588,255,17:35:22
591,170,17:35:22
651,175,17:35:22
694,161,17:35:22
682,174,17:35:22
712,137,17:35:22
707,120,17:35:22
696,101,17:35:22
710,163,17:35:22
738,149,17:35:22
669,119,17:35:22
708,134,17:35:22
652,81,17:35:22
657,128,17:35:22
663,89,17:35:22
741,101,17:35:22
763,81,17:35:22
737,80,17:35:22
765,96,17:35:22
762,75,17:35:22
759,57,17:35:22
788,81,17:35:22
822,94,17:35:22
854,112,17:35:22
802,37,17:35:22
837,58,17:35:22
850,83,17:35:22
857,41,17:35:22
897,38,17:35:23
921,36,17:35:23
929,36,17:35:23
919,73,17:35:23
907,11,17:35:23
917,41,17:35:23
899,10,17:35:23
884,37,17:35:23
916,0,17:35:23
945,65,17:35:23
948,43,17:35:23
927,33,17:35:23
943,10,17:35:23
921,24,17:35:23
941,28,17:35:23
940,22,17:35:23
976,74,17:35:23
1021,91,17:35:23
1009,74,17:35:23
1013,72,17:35:23
989,6,17:35:23
1005,63,17:35:23
1013,75,17:35:23
1034,90,17:35:23
1013,57,17:35:23
1022,55,17:35:23
1010,56,17:35:23
1004,20,17:35:23
979,3,17:35:23
980,59,17:35:23
997,18,17:35:24
998,12,17:35:24
984,47,17:35:24
781,86,17:35:24
505,130,17:35:24
367,192,17:35:24
397,214,17:35:24
355,201,17:35:24
345,226,17:35:24
385,174,17:35:24
383,208,17:35:24
320,246,17:35:24
335,212,17:35:24
353,211,17:35:24
347,211,17:35:24
352,218,17:35:24
440,165,17:35:24
455,166,17:35:24
470,195,17:35:24
484,184,17:35:24
445,233,17:35:24
449,177,17:35:24
473,221,17:35:24
454,172,17:35:24
417,215,17:35:24
421,186,17:35:24
552,132,17:35:24
536,113,17:35:24
537,185,17:35:24
517,182,17:35:24
510,199,17:35:24
532,159,17:35:25
585,167,17:35:25
578,145,17:35:25
588,124,17:35:25
568,161,17:35:25
555,168,17:35:25
545,166,17:35:25
556,181,17:35:25
520,158,17:35:25
507,184,17:35:25
516,165,17:35:25
504,127,17:35:25
521,162,17:35:25
594,169,17:35:25
647,151,17:35:25
672,92,17:35:25
654,143,17:35:25
622,164,17:35:25
643,122,17:35:25
644,140,17:35:25
667,185,17:35:25
623,126,17:35:25
723,126,17:35:25
728,117,17:35:25
759,126,17:35:25
723,117,17:35:25
744,97,17:35:25
727,103,17:35:25
696,124,17:35:25
713,172,17:35:25
734,91,17:35:26
723,107,17:35:26
702,127,17:35:26
750,108,17:35:26
800,65,17:35:26
786,94,17:35:26
776,107,17:35:26
788,76,17:35:26
778,125,17:35:26
762,87,17:35:26
817,91,17:35:26
882,86,17:35:26
878,25,17:35:26
880,54,17:35:26
874,56,17:35:26
866,23,17:35:26
891,97,17:35:26
895,67,17:35:26
868,13,17:35:26
900,83,17:35:26
916,46,17:35:26
937,121,17:35:26
953,90,17:35:26
908,87,17:35:26
954,122,17:35:26
957,92,17:35:26
967,138,17:35:26
991,116,17:35:26
989,109,17:35:26
975,71,17:35:26
958,92,17:35:27
1010,102,17:35:27
964,98,17:35:27
982,61,17:35:27
1016,85,17:35:27
1021,117,17:35:27
1020,131,17:35:27
1074,113,17:35:27
1019,75,17:35:27
1000,93,17:35:27
743,115,17:35:27
526,128,17:35:27
403,203,17:35:27
363,217,17:35:27
351,230,17:35:27
355,223,17:35:27
356,262,17:35:27
326,283,17:35:27
358,242,17:35:27
344,214,17:35:27
321,229,17:35:27
324,289,17:35:27
347,234,17:35:27
431,217,17:35:27
444,198,17:35:27
423,179,17:35:27
437,205,17:35:27
403,187,17:35:27
404,237,17:35:27
432,224,17:35:27
432,229,17:35:28
421,208,17:35:28
406,227,17:35:28
426,221,17:35:28
427,217,17:35:28
432,200,17:35:28
383,285,17:35:28
347,288,17:35:28
331,267,17:35:28
337,318,17:35:28
351,259,17:35:28
322,296,17:35:28
327,300,17:35:28
338,261,17:35:28
314,313,17:35:28
321,272,17:35:28
301,286,17:35:28
381,281,17:35:28
379,302,17:35:28
347,297,17:35:28
399,292,17:35:28
360,324,17:35:28
428,272,17:35:28
456,313,17:35:28
491,296,17:35:28
456,291,17:35:28
478,323,17:35:28
459,290,17:35:28
438,291,17:35:28
493,312,17:35:28
529,332,17:35:29
544,257,17:35:29
521,298,17:35:29
523,256,17:35:29
518,288,17:35:29
515,301,17:35:29
516,265,17:35:29
523,321,17:35:29
579,294,17:35:29
556,251,17:35:29
568,296,17:35:29
560,298,17:35:29
618,288,17:35:29
585,267,17:35:29
554,329,17:35:29
591,281,17:35:29
574,294,17:35:29
538,267,17:35:29
513,311,17:35:29
552,352,17:35:29
525,293,17:35:29
536,277,17:35:29
545,285,17:35:29
541,324,17:35:29
625,271,17:35:29
623,283,17:35:29
662,261,17:35:29
618,284,17:35:29
609,225,17:35:29
652,269,17:35:29
638,260,17:35:30
636,255,17:35:30
606,316,17:35:30
704,213,17:35:30
747,243,17:35:30
734,254,17:35:30
771,227,17:35:30
752,280,17:35:30
757,275,17:35:30
738,239,17:35:30
766,238,17:35:30
764,195,17:35:30
816,220,17:35:30
797,237,17:35:30
770,211,17:35:30
814,254,17:35:30
795,253,17:35:30
803,221,17:35:30
906,225,17:35:30
867,205,17:35:30
847,188,17:35:30
882,195,17:35:30
870,135,17:35:30
850,176,17:35:30
866,231,17:35:30
835,214,17:35:30
739,208,17:35:30
749,273,17:35:30
743,264,17:35:30
727,249,17:35:30
745,248,17:35:30
751,255,17:35:31
810,255,17:35:31
848,245,17:35:31
848,203,17:35:31
868,246,17:35:31
856,192,17:35:31
860,224,17:35:31
839,244,17:35:31
851,237,17:35:31
918,192,17:35:31
912,194,17:35:31
921,185,17:35:31
966,181,17:35:31
932,137,17:35:31
945,207,17:35:31
977,213,17:35:31
1001,192,17:35:31
974,184,17:35:31
1014,232,17:35:31
971,217,17:35:31
949,140,17:35:31
973,180,17:35:31
986,186,17:35:31
1015,199,17:35:31
979,191,17:35:31
1034,214,17:35:31
1020,150,17:35:31
970,124,17:35:31
986,176,17:35:31
1034,213,17:35:31
1043,197,17:35:32
1020,220,17:35:32
1035,197,17:35:32
962,173,17:35:32
672,243,17:35:32
428,277,17:35:32
360,287,17:35:32
350,332,17:35:32
369,323,17:35:32
387,307,17:35:32
305,388,17:35:32
352,303,17:35:32
374,338,17:35:32
330,320,17:35:32
408,331,17:35:32
421,328,17:35:32
409,286,17:35:32
407,331,17:35:32
423,339,17:35:32
405,353,17:35:32
471,400,17:35:32
667,492,17:35:32
706,470,17:35:32
690,380,17:35:32
700,295,17:35:32
643,353,17:35:32
606,355,17:35:32
567,314,17:35:32
490,381,17:35:32
467,371,17:35:32
461,395,17:35:33
441,402,17:35:33
391,425,17:35:33
424,415,17:35:33
399,476,17:35:33
424,464,17:35:33
504,438,17:35:33
469,433,17:35:33
453,446,17:35:33
447,444,17:35:33
441,470,17:35:33
435,474,17:35:33
447,448,17:35:33
400,460,17:35:33
425,450,17:35:33
436,459,17:35:33
419,453,17:35:33
449,472,17:35:33
415,455,17:35:33
460,438,17:35:33
492,453,17:35:33
470,425,17:35:33
466,439,17:35:33
445,451,17:35:33
442,448,17:35:33
500,422,17:35:33
555,448,17:35:33
517,467,17:35:33
500,450,17:35:33
487,389,17:35:33
536,400,17:35:34
566,421,17:35:34
604,453,17:35:34
598,414,17:35:34
638,428,17:35:34
577,419,17:35:34
582,398,17:35:34
608,396,17:35:34
623,398,17:35:34
625,432,17:35:34
634,345,17:35:34
653,387,17:35:34
536,429,17:35:34
522,392,17:35:34
509,451,17:35:34
523,420,17:35:34
510,431,17:35:34
553,402,17:35:34
604,409,17:35:34
688,408,17:35:34
686,389,17:35:34
693,401,17:35:34
687,381,17:35:34
682,406,17:35:34
699,404,17:35:34
703,392,17:35:34
715,363,17:35:34
731,375,17:35:34
733,370,17:35:34
775,412,17:35:34
808,435,17:35:35
788,385,17:35:35
784,361,17:35:35
770,379,17:35:35
750,373,17:35:35
797,397,17:35:35
802,356,17:35:35
796,362,17:35:35
837,390,17:35:35
847,352,17:35:35
844,331,17:35:35
886,356,17:35:35
851,343,17:35:35
868,381,17:35:35
842,360,17:35:35
849,395,17:35:35
855,343,17:35:35
812,399,17:35:35
819,358,17:35:35
851,388,17:35:35
833,363,17:35:35
839,358,17:35:35
872,366,17:35:35
959,308,17:35:35
967,326,17:35:35
928,319,17:35:35
896,329,17:35:35
940,288,17:35:35
944,356,17:35:35
979,325,17:35:35
924,279,17:35:35
996,356,17:35:36
949,336,17:35:36
943,294,17:35:36
938,276,17:35:36
967,346,17:35:36
930,275,17:35:36
969,289,17:35:36
985,297,17:35:36
998,319,17:35:36
1033,298,17:35:36
1013,304,17:35:36
1020,290,17:35:36
1025,272,17:35:36
1050,298,17:35:36
1007,319,17:35:36
971,264,17:35:36
986,308,17:35:36
971,277,17:35:36
914,355,17:35:36
922,300,17:35:36
933,328,17:35:36
940,319,17:35:36
914,305,17:35:36
917,319,17:35:36
945,304,17:35:36
973,271,17:35:36
941,342,17:35:36
985,343,17:35:36
1014,332,17:35:36
953,297,17:35:36
984,327,17:35:37
1000,323,17:35:37
989,313,17:35:37
943,342,17:35:37
939,252,17:35:37
935,326,17:35:37
934,266,17:35:37
959,267,17:35:37
1071,318,17:35:37
1049,255,17:35:37
1032,288,17:35:37
1040,272,17:35:37
1016,276,17:35:37
1066,233,17:35:37
1075,210,17:35:37
1067,247,17:35:37
1086,240,17:35:37
1070,231,17:35:37
943,261,17:35:37
584,387,17:35:37
297,392,17:35:37
194,439,17:35:37
206,427,17:35:37
209,447,17:35:37
216,461,17:35:37
275,402,17:35:37
268,387,17:35:37
207,400,17:35:37
198,443,17:35:37
202,466,17:35:37
216,430,17:35:38
220,424,17:35:38
182,437,17:35:38
234,414,17:35:38
209,429,17:35:38
221,457,17:35:38
254,426,17:35:38
249,376,17:35:38
241,382,17:35:38
287,444,17:35:38
307,430,17:35:38
314,457,17:35:38
300,483,17:35:38
301,444,17:35:38
300,497,17:35:38
313,485,17:35:38
299,406,17:35:38
296,486,17:35:38
342,428,17:35:38
298,470,17:35:38
319,472,17:35:38
274,456,17:35:38
293,468,17:35:38
332,476,17:35:38
371,456,17:35:38
372,464,17:35:38
378,449,17:35:38
376,466,17:35:38
372,420,17:35:38
376,496,17:35:38
417,390,17:35:39
449,503,17:35:39
423,502,17:35:39
448,459,17:35:39
466,437,17:35:39
499,484,17:35:39
468,464,17:35:39
431,482,17:35:39
477,461,17:35:39
526,453,17:35:39
511,460,17:35:39
518,455,17:35:39
519,430,17:35:39
520,436,17:35:39
511,517,17:35:39
506,458,17:35:39
604,447,17:35:39
626,456,17:35:39
636,452,17:35:39
634,447,17:35:39
610,478,17:35:39
635,480,17:35:39
587,470,17:35:39
613,444,17:35:39
617,457,17:35:39
599,453,17:35:39
593,468,17:35:39
597,476,17:35:39
588,468,17:35:39
612,494,17:35:39
652,424,17:35:40
644,431,17:35:40
699,408,17:35:40
671,433,17:35:40
664,412,17:35:40
683,459,17:35:40
781,429,17:35:40
757,408,17:35:40
784,403,17:35:40
765,427,17:35:40
753,437,17:35:40
794,403,17:35:40
778,409,17:35:40
752,430,17:35:40
784,405,17:35:40
787,376,17:35:40
838,424,17:35:40
824,375,17:35:40
877,421,17:35:40
874,405,17:35:40
847,401,17:35:40
851,391,17:35:40
848,372,17:35:40
855,389,17:35:40
830,380,17:35:40
863,397,17:35:40
853,344,17:35:40
915,360,17:35:40
894,334,17:35:40
903,340,17:35:40
909,331,17:35:41
910,341,17:35:41
925,327,17:35:41
896,360,17:35:41
932,358,17:35:41
900,322,17:35:41
942,355,17:35:41
923,325,17:35:41
917,297,17:35:41
875,341,17:35:41
784,388,17:35:41
776,357,17:35:41
807,318,17:35:41
807,287,17:35:41
785,218,17:35:41
794,220,17:35:41
792,150,17:35:41
829,29,17:35:41
862,0,17:35:41
814,0,17:35:41
853,0,17:35:41
848,0,17:35:41
860,0,17:35:41
867,0,17:35:41
884,0,17:35:41
857,0,17:35:41
844,0,17:35:41
905,0,17:35:41
938,0,17:35:41
961,0,17:35:41
947,0,17:35:41
997,0,17:35:42
943,0,17:35:42
989,0,17:35:42
1046,0,17:35:42
1044,0,17:35:42
1001,0,17:35:42
1084,0,17:35:42
1041,0,17:35:42
1049,0,17:35:42
1043,0,17:35:42
1042,0,17:35:42
1030,0,17:35:42
1080,0,17:35:42
1080,0,17:35:42
1102,0,17:35:42
1092,0,17:35:42
1085,0,17:35:42
1009,0,17:35:42
676,0,17:35:42
433,78,17:35:42
356,72,17:35:42
321,57,17:35:42
337,68,17:35:42
333,61,17:35:42
311,58,17:35:42
311,63,17:35:42
337,34,17:35:42
298,76,17:35:42
310,15,17:35:42
307,76,17:35:42
308,83,17:35:43
345,85,17:35:43
351,71,17:35:43
395,76,17:35:43
418,85,17:35:43
397,42,17:35:43
412,62,17:35:43
411,46,17:35:43
435,33,17:35:43
427,90,17:35:43
403,54,17:35:43
423,66,17:35:43
479,48,17:35:43
518,58,17:35:43
507,50,17:35:43
506,9,17:35:43
522,34,17:35:43
501,67,17:35:43
521,61,17:35:43
580,83,17:35:43
559,0,17:35:43
553,48,17:35:43
548,2,17:35:43
558,17,17:35:43
557,36,17:35:43
533,33,17:35:43
658,36,17:35:43
672,45,17:35:43
647,34,17:35:43
672,0,17:35:43
643,8,17:35:44
664,0,17:35:44
651,0,17:35:44
643,5,17:35:44
635,14,17:35:44
628,33,17:35:44
648,30,17:35:44
635,0,17:35:44
714,0,17:35:44
736,0,17:35:44
721,0,17:35:44
740,0,17:35:44
703,0,17:35:44
718,0,17:35:44
724,0,17:35:44
787,0,17:35:44
787,0,17:35:44
774,0,17:35:44
782,0,17:35:44
780,0,17:35:44
800,0,17:35:44
907,0,17:35:44
897,0,17:35:44
908,0,17:35:44
906,0,17:35:44
940,0,17:35:44
949,0,17:35:44
898,0,17:35:44
896,0,17:35:44
888,0,17:35:44
886,0,17:35:45
866,0,17:35:45
899,0,17:35:45
871,0,17:35:45
896,0,17:35:45
915,0,17:35:45
970,0,17:35:45
969,0,17:35:45
976,0,17:35:45
970,0,17:35:45
982,0,17:35:45
1052,0,17:35:45
1063,0,17:35:45
1026,0,17:35:45
1032,0,17:35:45
1051,0,17:35:45
1051,0,17:35:45
1065,0,17:35:45
1033,0,17:35:45
1073,0,17:35:45
1057,0,17:35:45
1091,0,17:35:45
1083,0,17:35:45
1083,0,17:35:45
1089,0,17:35:45
1098,0,17:35:45
1102,0,17:35:45
1095,0,17:35:45
1085,0,17:35:45
1082,0,17:35:45
1096,0,17:35:46
1118,0,17:35:46
1088,0,17:35:46
1110,0,17:35:46
1084,0,17:35:46
1103,0,17:35:46
1080,0,17:35:46
943,0,17:35:46
932,0,17:35:46
914,0,17:35:46
913,0,17:35:46
939,0,17:35:46
943,0,17:35:46
894,0,17:35:46
820,0,17:35:46
824,0,17:35:46
852,0,17:35:46
852,0,17:35:46
852,0,17:35:46
852,0,17:35:46
802,0,17:35:46
771,0,17:35:46
772,0,17:35:46
744,0,17:35:46
729,0,17:35:46
788,0,17:35:46
801,0,17:35:46
820,0,17:35:46
827,0,17:35:46
823,0,17:35:46
823,0,17:35:46
878,0,17:35:47
869,0,17:35:47
905,0,17:35:47
885,0,17:35:47
905,0,17:35:47
924,0,17:35:47
905,0,17:35:47
888,0,17:35:47
945,0,17:35:47
965,0,17:35:47
949,0,17:35:47
972,0,17:35:47
955,0,17:35:47
960,0,17:35:47
1002,0,17:35:47
1001,0,17:35:47
1027,0,17:35:47
999,0,17:35:47
1024,0,17:35:47
1015,0,17:35:47
1062,0,17:35:47
1098,0,17:35:47
1072,0,17:35:47
1061,0,17:35:47
1053,0,17:35:47
1074,0,17:35:47
1049,0,17:35:47
1076,0,17:35:47
1029,0,17:35:47
1095,0,17:35:47
1055,0,17:35:48
1049,0,17:35:48
974,0,17:35:48
960,0,17:35:48
955,0,17:35:48
966,0,17:35:48
971,0,17:35:48
1028,0,17:35:48
981,0,17:35:48
997,0,17:35:48
1065,0,17:35:48
1090,0,17:35:48
1105,0,17:35:48
1028,0,17:35:48
1103,0,17:35:48
1082,0,17:35:48
951,0,17:35:48
670,0,17:35:48
449,26,17:35:48
387,32,17:35:48
402,42,17:35:48
437,29,17:35:48
408,17,17:35:48
399,37,17:35:48
333,21,17:35:48
337,42,17:35:48
360,52,17:35:48
314,57,17:35:48
327,20,17:35:48
316,53,17:35:48
311,30,17:35:49
316,62,17:35:49
320,67,17:35:49
315,62,17:35:49
323,45,17:35:49
318,49,17:35:49
417,23,17:35:49
434,56,17:35:49
410,41,17:35:49
465,30,17:35:49
418,16,17:35:49
416,64,17:35:49
427,19,17:35:49
399,32,17:35:49
417,62,17:35:49
485,48,17:35:49
482,37,17:35:49
509,11,17:35:49
514,25,17:35:49
530,61,17:35:49
495,68,17:35:49
497,59,17:35:49
424,32,17:35:49
438,77,17:35:49
426,35,17:35:49
413,73,17:35:49
397,96,17:35:49
396,45,17:35:49
487,54,17:35:49
565,15,17:35:49
526,18,17:35:50
539,50,17:35:50
548,37,17:35:50
578,64,17:35:50
786,75,17:35:50
779,234,17:35:50
756,280,17:35:50
881,153,17:35:50
878,192,17:35:50
945,175,17:35:50
967,90,17:35:50
996,119,17:35:50
990,68,17:35:50
1006,41,17:35:50
980,13,17:35:50
1058,0,17:35:50
1060,21,17:35:50
1065,3,17:35:50
1030,0,17:35:50
729,0,17:35:50
457,135,17:35:50
317,113,17:35:50
325,118,17:35:50
360,63,17:35:50
355,104,17:35:50
332,121,17:35:50
337,136,17:35:50
307,117,17:35:50
328,73,17:35:50
330,164,17:35:50
326,112,17:35:51
332,115,17:35:51
288,139,17:35:51
369,92,17:35:51
398,94,17:35:51
384,122,17:35:51
407,91,17:35:51
392,132,17:35:51
482,115,17:35:51
496,63,17:35:51
519,112,17:35:51
522,92,17:35:51
526,85,17:35:51
517,50,17:35:51
511,109,17:35:51
517,52,17:35:51
511,41,17:35:51
506,102,17:35:51
552,92,17:35:51
561,88,17:35:51
566,46,17:35:51
579,125,17:35:51
568,65,17:35:51
540,126,17:35:51
624,62,17:35:51
663,47,17:35:51
691,0,17:35:51
669,15,17:35:51
661,28,17:35:51
666,46,17:35:51
663,61,17:35:52
675,34,17:35:52
637,41,17:35:52
631,41,17:35:52
626,57,17:35:52
589,31,17:35:52
625,34,17:35:52
608,33,17:35:52
574,101,17:35:52
544,68,17:35:52
546,68,17:35:52
548,53,17:35:52
600,32,17:35:52
700,41,17:35:52
696,36,17:35:52
696,24,17:35:52
691,10,17:35:52
697,6,17:35:52
748,0,17:35:52
739,4,17:35:52
755,14,17:35:52
787,22,17:35:52
782,0,17:35:52
784,44,17:35:52
767,19,17:35:52
750,18,17:35:52
751,0,17:35:52
731,0,17:35:52
763,37,17:35:52
783,0,17:35:52
805,0,17:35:52
831,0,17:35:53
829,0,17:35:53
812,0,17:35:53
862,0,17:35:53
854,0,17:35:53
836,0,17:35:53
784,22,17:35:53
820,38,17:35:53
820,0,17:35:53
811,0,17:35:53
796,0,17:35:53
736,8,17:35:53
761,0,17:35:53
781,0,17:35:53
771,6,17:35:53
759,0,17:35:53
772,0,17:35:53
818,0,17:35:53
870,0,17:35:53
811,0,17:35:53
860,0,17:35:53
834,0,17:35:53
839,0,17:35:53
852,0,17:35:53
834,0,17:35:53
844,0,17:35:53
846,0,17:35:53
828,0,17:35:53
830,0,17:35:53
836,0,17:35:53
841,0,17:35:54
868,0,17:35:54
868,0,17:35:54
836,0,17:35:54
834,0,17:35:54
837,0,17:35:54
813,9,17:35:54
765,9,17:35:54
766,6,17:35:54
792,9,17:35:54
792,0,17:35:54
764,0,17:35:54
759,0,17:35:54
786,14,17:35:54
854,0,17:35:54
812,0,17:35:54
829,0,17:35:54
835,0,17:35:54
843,0,17:35:54
879,0,17:35:54
865,0,17:35:54
839,0,17:35:54
819,0,17:35:54
799,0,17:35:54
819,0,17:35:54
827,0,17:35:54
827,0,17:35:54
829,0,17:35:54
896,0,17:35:54
872,0,17:35:54
895,0,17:35:55
888,0,17:35:55
891,0,17:35:55
895,0,17:35:55
893,0,17:35:55
886,0,17:35:55
893,0,17:35:55
891,0,17:35:55
891,0,17:35:55
951,0,17:35:55
994,0,17:35:55
1000,0,17:35:55
994,0,17:35:55
994,0,17:35:55
964,0,17:35:55
998,0,17:35:55
1035,0,17:35:55
1015,0,17:35:55
1006,0,17:35:55
1024,0,17:35:55
1018,0,17:35:55
1010,0,17:35:55
1011,0,17:35:55
989,0,17:35:55
965,0,17:35:55
994,0,17:35:55
982,0,17:35:55
949,0,17:35:55
1044,0,17:35:55
1075,0,17:35:55
1083,42,17:35:56
1107,14,17:35:56
1111,0,17:35:56
1063,0,17:35:56
751,52,17:35:56
490,130,17:35:56
371,109,17:35:56
349,121,17:35:56
349,146,17:35:56
374,105,17:35:56
390,129,17:35:56
339,152,17:35:56
316,188,17:35:56
316,156,17:35:56
337,119,17:35:56
353,130,17:35:56
373,122,17:35:56
490,84,17:35:56
468,132,17:35:56
503,86,17:35:56
481,115,17:35:56
475,148,17:35:56
482,118,17:35:56
492,98,17:35:56
468,133,17:35:56
368,122,17:35:56
403,127,17:35:56
406,128,17:35:56
382,84,17:35:56
393,137,17:35:56
340,149,17:35:57
387,100,17:35:57
439,100,17:35:57
447,90,17:35:57
456,127,17:35:57
430,170,17:35:57
435,130,17:35:57
464,139,17:35:57
471,114,17:35:57
421,98,17:35:57
454,125,17:35:57
485,87,17:35:57
536,102,17:35:57
539,65,17:35:57
544,95,17:35:57
523,96,17:35:57
524,118,17:35:57
534,71,17:35:57
570,64,17:35:57
588,62,17:35:57
570,79,17:35:57
585,69,17:35:57
546,79,17:35:57
598,58,17:35:57
568,88,17:35:57
608,70,17:35:57
648,65,17:35:57
698,0,17:35:57
686,47,17:35:57
682,23,17:35:57
662,40,17:35:58
661,52,17:35:58
657,61,17:35:58
662,62,17:35:58
641,109,17:35:58
663,77,17:35:58
666,30,17:35:58
671,55,17:35:58
717,72,17:35:58
738,29,17:35:58
744,73,17:35:58
764,53,17:35:58
741,55,17:35:58
808,0,17:35:58
851,16,17:35:58
851,4,17:35:58
850,42,17:35:58
821,16,17:35:58
905,0,17:35:58
935,0,17:35:58
966,0,17:35:58
953,0,17:35:58
982,0,17:35:58
956,0,17:35:58
957,5,17:35:58
948,0,17:35:58
965,10,17:35:58
948,0,17:35:58
920,49,17:35:58
770,0,17:35:58
737,39,17:35:58
762,0,17:35:59
758,11,17:35:59
762,4,17:35:59
739,3,17:35:59
746,25,17:35:59
747,2,17:35:59
811,96,17:35:59
779,314,17:35:59
711,486,17:35:59
690,534,17:35:59
711,470,17:35:59
782,373,17:35:59
776,280,17:35:59
751,221,17:35:59
729,257,17:35:59
690,305,17:35:59
638,320,17:35:59
606,341,17:35:59
589,367,17:35:59
617,371,17:35:59
603,300,17:35:59
587,292,17:35:59
569,247,17:35:59
544,297,17:35:59
590,267,17:35:59
607,262,17:35:59
581,260,17:35:59
682,225,17:35:59
687,234,17:35:59
690,181,17:35:59
717,215,17:36:00
674,160,17:36:00
671,240,17:36:00
658,163,17:36:00
707,197,17:36:00
699,151,17:36:00
646,142,17:36:00
691,151,17:36:00
649,131,17:36:00
644,77,17:36:00
631,61,17:36:00
641,126,17:36:00
652,56,17:36:00
677,81,17:36:00
695,32,17:36:00
739,77,17:36:00
725,50,17:36:00
748,74,17:36:00
729,42,17:36:00
708,33,17:36:00
747,58,17:36:00
720,50,17:36:00
824,0,17:36:00
842,77,17:36:00
830,37,17:36:00
814,20,17:36:00
823,58,17:36:00
800,31,17:36:00
833,27,17:36:00
851,0,17:36:00
961,53,17:36:01
974,0,17:36:01
950,34,17:36:01
965,14,17:36:01
959,18,17:36:01
960,29,17:36:01
952,14,17:36:01
948,0,17:36:01
988,58,17:36:01
952,0,17:36:01
1005,0,17:36:01
1006,0,17:36:01
1031,23,17:36:01
1014,32,17:36:01
1037,11,17:36:01
993,26,17:36:01
1007,31,17:36:01
1091,57,17:36:01
1035,0,17:36:01
1035,30,17:36:01
1083,59,17:36:01
1068,36,17:36:01
1052,3,17:36:01
751,61,17:36:01
521,132,17:36:01
351,168,17:36:01
345,227,17:36:01
323,190,17:36:01
358,206,17:36:01
347,154,17:36:01
310,215,17:36:02
333,173,17:36:02
330,220,17:36:02
320,235,17:36:02
412,183,17:36:02
350,184,17:36:02
377,170,17:36:02
362,159,17:36:02
370,183,17:36:02
392,210,17:36:02
349,204,17:36:02
387,202,17:36:02
347,225,17:36:02
314,222,17:36:02
313,141,17:36:02
300,258,17:36:02
326,221,17:36:02
347,219,17:36:02
359,195,17:36:02
353,212,17:36:02
344,237,17:36:02
329,227,17:36:02
382,211,17:36:02
343,242,17:36:02
374,206,17:36:02
386,184,17:36:02
372,181,17:36:02
375,190,17:36:02
394,172,17:36:02
372,171,17:36:02
378,181,17:36:03
394,177,17:36:03
387,157,17:36:03
351,226,17:36:03
377,176,17:36:03
416,229,17:36:03
414,198,17:36:03
428,152,17:36:03
420,164,17:36:03
428,169,17:36:03
412,163,17:36:03
403,146,17:36:03
418,179,17:36:03
389,199,17:36:03
416,190,17:36:03
434,197,17:36:03
502,116,17:36:03
487,177,17:36:03
474,186,17:36:03
461,199,17:36:03
489,155,17:36:03
486,193,17:36:03
481,185,17:36:03
446,240,17:36:03
481,230,17:36:03
486,170,17:36:03
491,152,17:36:03
435,169,17:36:03
408,182,17:36:03
434,214,17:36:03
438,189,17:36:03
440,194,17:36:04
433,198,17:36:04
424,178,17:36:04
396,196,17:36:04
423,167,17:36:04
454,161,17:36:04
506,176,17:36:04
477,170,17:36:04
475,203,17:36:04
458,170,17:36:04
475,192,17:36:04
497,193,17:36:04
452,201,17:36:04
478,247,17:36:04
476,153,17:36:04
487,157,17:36:04
452,200,17:36:04
488,145,17:36:04
469,161,17:36:04
420,196,17:36:04
420,209,17:36:04
460,147,17:36:04
461,141,17:36:04
456,142,17:36:04
524,155,17:36:04
514,146,17:36:04
529,176,17:36:04
554,175,17:36:04
524,161,17:36:04
536,178,17:36:04
536,146,17:36:05
550,184,17:36:05
564,166,17:36:05
549,176,17:36:05
587,154,17:36:05
588,168,17:36:05
581,142,17:36:05
586,158,17:36:05
577,168,17:36:05
581,188,17:36:05
543,199,17:36:05
563,151,17:36:05
541,177,17:36:05
551,168,17:36:05
551,144,17:36:05
546,218,17:36:05
536,171,17:36:05
544,140,17:36:05
543,184,17:36:05
552,179,17:36:05
528,236,17:36:05
531,172,17:36:05
528,178,17:36:05
517,171,17:36:05
545,161,17:36:05
566,180,17:36:05
554,175,17:36:05
607,194,17:36:05
584,205,17:36:05
543,179,17:36:05
584,178,17:36:06
576,112,17:36:06
643,114,17:36:06
643,108,17:36:06
685,131,17:36:06
654,150,17:36:06
684,146,17:36:06
648,167,17:36:06
676,169,17:36:06
669,143,17:36:06
668,241,17:36:06
696,118,17:36:06
651,131,17:36:06
707,162,17:36:06
716,90,17:36:06
712,86,17:36:06
776,143,17:36:06
717,154,17:36:06
725,97,17:36:06
720,103,17:36:06
722,90,17:36:06
708,98,17:36:06
722,60,17:36:06
735,77,17:36:06
777,107,17:36:06
747,82,17:36:06
745,95,17:36:06
751,145,17:36:06
763,42,17:36:06
792,47,17:36:06
809,79,17:36:07
797,75,17:36:07
808,61,17:36:07
826,116,17:36:07
810,102,17:36:07
807,38,17:36:07
785,54,17:36:07
853,77,17:36:07
822,47,17:36:07
836,94,17:36:07
834,63,17:36:07
828,65,17:36:07
823,91,17:36:07
884,90,17:36:07
900,86,17:36:07
868,85,17:36:07
876,60,17:36:07
898,55,17:36:07
890,77,17:36:07
862,25,17:36:07
873,87,17:36:07
911,45,17:36:07
882,78,17:36:07
853,63,17:36:07
832,8,17:36:07
886,53,17:36:07
928,56,17:36:07
947,58,17:36:07
917,45,17:36:07
948,86,17:36:07
935,43,17:36:08
933,79,17:36:08
963,48,17:36:08
890,45,17:36:08
875,47,17:36:08
899,76,17:36:08
891,14,17:36:08
876,22,17:36:08
889,70,17:36:08
946,30,17:36:08
972,73,17:36:08
983,43,17:36:08
955,25,17:36:08
974,104,17:36:08
990,59,17:36:08
956,21,17:36:08
979,56,17:36:08
978,57,17:36:08
950,68,17:36:08
931,17,17:36:08
961,55,17:36:08
949,88,17:36:08
968,25,17:36:08
1009,78,17:36:08
993,48,17:36:08
1007,94,17:36:08
1005,14,17:36:08
1040,51,17:36:08
1034,61,17:36:08
1048,100,17:36:08
1003,0,17:36:09
1034,79,17:36:09
1056,38,17:36:09
1054,59,17:36:09
1060,112,17:36:09
1043,39,17:36:09
1077,111,17:36:09
1044,14,17:36:09
1087,82,17:36:09
1061,53,17:36:09
1059,97,17:36:09
1055,73,17:36:09
1044,0,17:36:09
1052,68,17:36:09
1021,68,17:36:09
758,133,17:36:09
546,161,17:36:09
365,215,17:36:09
310,191,17:36:09
338,168,17:36:09
343,195,17:36:09
362,175,17:36:09
314,225,17:36:09
302,185,17:36:09
295,233,17:36:09
284,171,17:36:09
302,244,17:36:09
283,230,17:36:09
368,238,17:36:09
395,210,17:36:09
356,248,17:36:10
413,238,17:36:10
395,230,17:36:10
363,241,17:36:10
393,222,17:36:10
382,226,17:36:10
459,220,17:36:10
501,172,17:36:10
520,221,17:36:10
501,256,17:36:10
552,201,17:36:10
529,197,17:36:10
503,211,17:36:10
537,159,17:36:10
527,197,17:36:10
535,288,17:36:10
505,230,17:36:10
596,245,17:36:10
612,231,17:36:10
612,164,17:36:10
589,202,17:36:10
612,193,17:36:10
605,215,17:36:10
670,178,17:36:10
727,181,17:36:10
729,167,17:36:10
714,180,17:36:10
715,176,17:36:10
718,182,17:36:10
700,182,17:36:10
723,137,17:36:10
701,190,17:36:11
746,217,17:36:11
672,175,17:36:11
696,173,17:36:11
725,187,17:36:11
749,188,17:36:11
759,159,17:36:11
691,217,17:36:11
663,149,17:36:11
641,218,17:36:11
620,191,17:36:11
606,177,17:36:11
633,185,17:36:11
612,178,17:36:11
523,231,17:36:11
568,223,17:36:11
555,228,17:36:11
560,218,17:36:11
574,165,17:36:11
526,226,17:36:11
523,229,17:36:11
556,227,17:36:11
619,212,17:36:11
590,204,17:36:11
651,194,17:36:11
657,142,17:36:11
650,163,17:36:11
628,182,17:36:11
740,159,17:36:11
794,154,17:36:11
783,142,17:36:12
772,131,17:36:12
776,164,17:36:12
808,135,17:36:12
731,180,17:36:12
794,100,17:36:12
862,112,17:36:12
884,68,17:36:12
886,82,17:36:12
893,61,17:36:12
906,103,17:36:12
909,79,17:36:12
971,93,17:36:12
975,110,17:36:12
908,62,17:36:12
947,47,17:36:12
950,63,17:36:12
947,59,17:36:12
940,63,17:36:12
960,96,17:36:12
965,40,17:36:12
1028,74,17:36:12
1027,55,17:36:12
1046,98,17:36:12
1063,95,17:36:12
1019,130,17:36:12
1014,56,17:36:12
1036,97,17:36:12
1015,128,17:36:12
1038,79,17:36:12
1015,42,17:36:13
1058,87,17:36:13
1015,50,17:36:13
1019,73,17:36:13
962,106,17:36:13
625,121,17:36:13
399,199,17:36:13
341,200,17:36:13
359,220,17:36:13
341,184,17:36:13
344,203,17:36:13
310,237,17:36:13
296,229,17:36:13
329,210,17:36:13
323,195,17:36:13
335,201,17:36:13
325,231,17:36:13
297,212,17:36:13
286,245,17:36:13
363,166,17:36:13
297,273,17:36:13
288,231,17:36:13
301,263,17:36:13
323,258,17:36:13
324,251,17:36:13
323,229,17:36:13
267,239,17:36:13
301,215,17:36:13
275,265,17:36:13
359,258,17:36:13
326,276,17:36:14
312,273,17:36:14
329,278,17:36:14
343,262,17:36:14
351,249,17:36:14
355,274,17:36:14
320,250,17:36:14
302,329,17:36:14
373,288,17:36:14
450,228,17:36:14
415,260,17:36:14
399,279,17:36:14
416,290,17:36:14
420,313,17:36:14
422,271,17:36:14
421,263,17:36:14
444,260,17:36:14
503,261,17:36:14
494,213,17:36:14
542,240,17:36:14
504,305,17:36:14
496,253,17:36:14
482,276,17:36:14
497,263,17:36:14
483,284,17:36:14
496,294,17:36:14
474,288,17:36:14
479,268,17:36:14
460,287,17:36:14
580,259,17:36:14
625,258,17:36:15
616,284,17:36:15
638,295,17:36:15
592,243,17:36:15
595,224,17:36:15
597,276,17:36:15
591,300,17:36:15
573,294,17:36:15
572,294,17:36:15
585,319,17:36:15
663,231,17:36:15
676,211,17:36:15
694,268,17:36:15
670,262,17:36:15
671,266,17:36:15
680,224,17:36:15
724,297,17:36:15
695,293,17:36:15
696,219,17:36:15
704,294,17:36:15
694,216,17:36:15
681,303,17:36:15
743,249,17:36:15
751,290,17:36:15
756,288,17:36:15
736,301,17:36:15
767,226,17:36:15
735,233,17:36:15
772,288,17:36:15
849,146,17:36:15
873,239,17:36:15
880,242,17:36:16
884,282,17:36:16
870,236,17:36:16
882,227,17:36:16
861,190,17:36:16
902,252,17:36:16
856,252,17:36:16
860,234,17:36:16
879,220,17:36:16
858,225,17:36:16
853,266,17:36:16
872,222,17:36:16
846,266,17:36:16
856,270,17:36:16
881,215,17:36:16
906,257,17:36:16
828,235,17:36:16
856,222,17:36:16
881,221,17:36:16
859,227,17:36:16
879,255,17:36:16
907,267,17:36:16
902,267,17:36:16
928,287,17:36:16
886,233,17:36:16
847,244,17:36:16
893,249,17:36:16
871,238,17:36:16
871,256,17:36:16
887,256,17:36:16
870,287,17:36:17
876,250,17:36:17
859,237,17:36:17
901,267,17:36:17
844,281,17:36:17
850,308,17:36:17
878,291,17:36:17
893,242,17:36:17
914,234,17:36:17
883,243,17:36:17
860,242,17:36:17
898,234,17:36:17
889,277,17:36:17
881,217,17:36:17
830,276,17:36:17
530,322,17:36:17
269,374,17:36:17
133,355,17:36:17
134,324,17:36:17
119,342,17:36:17
121,373,17:36:17
94,355,17:36:17
97,314,17:36:17
117,313,17:36:17
119,264,17:36:17
313,320,17:36:17
686,527,17:36:17
679,566,17:36:17
719,487,17:36:17
695,445,17:36:17
591,325,17:36:18
530,262,17:36:18
492,207,17:36:18
389,275,17:36:18
369,265,17:36:18
287,323,17:36:18
225,300,17:36:18
217,353,17:36:18
197,345,17:36:18
194,323,17:36:18
156,323,17:36:18
154,342,17:36:18
136,331,17:36:18
140,312,17:36:18
123,333,17:36:18
192,365,17:36:18
153,319,17:36:18
146,355,17:36:18
124,341,17:36:18
134,349,17:36:18
132,367,17:36:18
131,378,17:36:18
133,351,17:36:18
139,313,17:36:18
116,345,17:36:18
147,356,17:36:18
157,374,17:36:18
166,289,17:36:18
156,325,17:36:18
167,310,17:36:18
162,323,17:36:19
124,267,17:36:19
194,273,17:36:19
167,279,17:36:19
198,277,17:36:19
122,285,17:36:19
143,266,17:36:19
150,278,17:36:19
159,308,17:36:19
148,256,17:36:19
146,268,17:36:19
165,255,17:36:19
142,315,17:36:19
146,298,17:36:19
168,278,17:36:19
143,264,17:36:19
135,281,17:36:19
150,283,17:36:19
137,274,17:36:19
134,306,17:36:19
168,286,17:36:19
307,273,17:36:19
418,212,17:36:19
399,301,17:36:19
370,221,17:36:19
442,236,17:36:19
489,249,17:36:19
619,236,17:36:19
614,182,17:36:19
617,194,17:36:19
624,191,17:36:20
633,198,17:36:20
616,195,17:36:20
604,243,17:36:20
610,211,17:36:20
587,209,17:36:20
629,239,17:36:20
561,249,17:36:20
646,167,17:36:20
680,186,17:36:20
698,187,17:36:20
693,178,17:36:20
682,189,17:36:20
657,158,17:36:20
685,174,17:36:20
688,182,17:36:20
679,150,17:36:20
663,190,17:36:20
675,151,17:36:20
670,153,17:36:20
664,171,17:36:20
664,110,17:36:20
676,158,17:36:20
678,149,17:36:20
679,109,17:36:20
644,160,17:36:20
695,129,17:36:20
680,166,17:36:20
668,128,17:36:20
696,132,17:36:20
682,177,17:36:21
683,145,17:36:21
653,107,17:36:21
654,177,17:36:21
676,152,17:36:21
668,112,17:36:21
697,143,17:36:21
680,121,17:36:21
686,125,17:36:21
678,135,17:36:21
680,136,17:36:21
693,151,17:36:21
654,127,17:36:21
605,198,17:36:21
624,163,17:36:21
601,185,17:36:21
652,183,17:36:21
632,199,17:36:21
646,189,17:36:21
636,222,17:36:21
630,244,17:36:21
626,228,17:36:21
590,256,17:36:21
621,214,17:36:21
582,203,17:36:21
591,232,17:36:21
595,276,17:36:21
609,217,17:36:21
622,204,17:36:21
651,213,17:36:21
624,203,17:36:22
645,184,17:36:22
615,175,17:36:22
645,188,17:36:22
615,227,17:36:22
612,269,17:36:22
676,372,17:36:22
775,412,17:36:22
718,499,17:36:22
718,505,17:36:22
756,463,17:36:22
860,370,17:36:22
1006,286,17:36:22
1087,296,17:36:22
1153,263,17:36:22
1177,317,17:36:22
1198,334,17:36:22
1186,351,17:36:22
1070,416,17:36:22
1135,436,17:36:22
1088,478,17:36:22
1085,478,17:36:22
1075,459,17:36:22
1074,453,17:36:22
1104,337,17:36:22
1076,353,17:36:22
1024,360,17:36:22
994,374,17:36:22
994,374,17:36:22
994,374,17:36:22
994,374,17:36:22
994,374,17:36:23
994,374,17:36:23
994,374,17:36:23
994,374,17:36:23
994,374,17:36:23
994,374,17:36:23
994,374,17:36:23
994,374,17:36:23
994,374,17:36:23
994,374,17:36:23
994,374,17:36:23
994,374,17:36:23
994,374,17:36:23
994,374,17:36:23
994,374,17:36:23
994,374,17:36:23
994,374,17:36:23
994,374,17:36:23
994,374,17:36:23
994,374,17:36:23
994,374,17:36:23
994,374,17:36:23
994,374,17:36:23
994,374,17:36:23
994,374,17:36:23
994,374,17:36:23
994,374,17:36:23
994,374,17:36:23
994,374,17:36:23
994,374,17:36:23
994,374,17:36:24
994,374,17:36:24
994,374,17:36:24
994,374,17:36:24
994,374,17:36:24
994,374,17:36:24
994,374,17:36:24
994,374,17:36:24
994,374,17:36:24
994,374,17:36:24
994,374,17:36:24
994,374,17:36:24
994,374,17:36:24
994,374,17:36:24
994,374,17:36:24
994,374,17:36:24
994,374,17:36:24
994,374,17:36:24
994,374,17:36:24
994,374,17:36:24
994,374,17:36:24
994,374,17:36:24
994,374,17:36:24
994,374,17:36:24
994,374,17:36:24
994,374,17:36:24
994,374,17:36:24
994,374,17:36:24
994,374,17:36:24
994,374,17:36:24
994,374,17:36:25
994,374,17:36:25
994,374,17:36:25
994,374,17:36:25
994,374,17:36:25
994,374,17:36:25
994,374,17:36:25
994,374,17:36:25
994,374,17:36:25
994,374,17:36:25
994,374,17:36:25
994,374,17:36:25
994,374,17:36:25
994,374,17:36:25
994,374,17:36:25
994,374,17:36:25
994,374,17:36:25
994,374,17:36:25
994,374,17:36:25
994,374,17:36:25
994,374,17:36:25
994,374,17:36:25
994,374,17:36:25
994,374,17:36:25
994,374,17:36:25
994,374,17:36:25
994,374,17:36:25
994,374,17:36:25
994,374,17:36:25
994,374,17:36:25
994,374,17:36:26
994,374,17:36:26
994,374,17:36:26
994,374,17:36:26
994,374,17:36:26
994,374,17:36:26
994,374,17:36:26
994,374,17:36:26
994,374,17:36:26
994,374,17:36:26
994,374,17:36:26
994,374,17:36:26
994,374,17:36:26
994,374,17:36:26
994,374,17:36:26
994,374,17:36:26
994,374,17:36:26
994,374,17:36:26
994,374,17:36:26
994,374,17:36:26
994,374,17:36:26
994,374,17:36:26
994,374,17:36:26
994,374,17:36:26
994,374,17:36:26
994,374,17:36:26
994,374,17:36:26
994,374,17:36:26
994,374,17:36:26
994,374,17:36:26
994,374,17:36:26
994,374,17:36:27
994,374,17:36:27
994,374,17:36:27
994,374,17:36:27
994,374,17:36:27
994,374,17:36:27
994,374,17:36:27
994,374,17:36:27
994,374,17:36:27
994,374,17:36:27
994,374,17:36:27
994,374,17:36:27
994,374,17:36:27
994,374,17:36:27
994,374,17:36:27
994,374,17:36:27
994,374,17:36:27
994,374,17:36:27
994,374,17:36:27
994,374,17:36:27
994,374,17:36:27
994,374,17:36:27
994,374,17:36:27
994,374,17:36:27
994,374,17:36:27
994,374,17:36:27
994,374,17:36:27
994,374,17:36:27
994,374,17:36:27
994,374,17:36:27
994,374,17:36:28
994,374,17:36:28
994,374,17:36:28
994,374,17:36:28
994,374,17:36:28
994,374,17:36:28
994,374,17:36:28
994,374,17:36:28
994,374,17:36:28
994,374,17:36:28
994,374,17:36:28
994,374,17:36:28
994,374,17:36:28
994,374,17:36:28
994,374,17:36:28
994,374,17:36:28
994,374,17:36:28
994,374,17:36:28
994,374,17:36:28
994,374,17:36:28
994,374,17:36:28
994,374,17:36:28
994,374,17:36:28
994,374,17:36:28
994,374,17:36:28
994,374,17:36:28
994,374,17:36:28
994,374,17:36:28
994,374,17:36:28
994,374,17:36:28
994,374,17:36:29
994,374,17:36:29
994,374,17:36:29
994,374,17:36:29
994,374,17:36:29
994,374,17:36:29
994,374,17:36:29
994,374,17:36:29
994,374,17:36:29
994,374,17:36:29
994,374,17:36:29
994,374,17:36:29
994,374,17:36:29
994,374,17:36:29
994,374,17:36:29
994,374,17:36:29
994,374,17:36:29
994,374,17:36:29
994,374,17:36:29
994,374,17:36:29
994,374,17:36:29
994,374,17:36:29
994,374,17:36:29
994,374,17:36:29
994,374,17:36:29
994,374,17:36:29
994,374,17:36:29
994,374,17:36:29
994,374,17:36:29
994,374,17:36:29
994,374,17:36:30
994,374,17:36:30
994,374,17:36:30
994,374,17:36:30
994,374,17:36:30
994,374,17:36:30
994,374,17:36:30
994,374,17:36:30
994,374,17:36:30
994,374,17:36:30
994,374,17:36:30
994,374,17:36:30
994,374,17:36:30
994,374,17:36:30
994,374,17:36:30
994,374,17:36:30
994,374,17:36:30
994,374,17:36:30
994,374,17:36:30
994,374,17:36:30
994,374,17:36:30
994,374,17:36:30
994,374,17:36:30
994,374,17:36:30
994,374,17:36:30
994,374,17:36:30
994,374,17:36:30
994,374,17:36:30
994,374,17:36:30
994,374,17:36:30
994,374,17:36:31
994,374,17:36:31
994,374,17:36:31
994,374,17:36:31
994,374,17:36:31
994,374,17:36:31
994,374,17:36:31
994,374,17:36:31
994,374,17:36:31
994,374,17:36:31
994,374,17:36:31
994,374,17:36:31
994,374,17:36:31
994,374,17:36:31
994,374,17:36:31
994,374,17:36:31
994,374,17:36:31
994,374,17:36:31
994,374,17:36:31
994,374,17:36:31
994,374,17:36:31
994,374,17:36:31
994,374,17:36:31
994,374,17:36:31
994,374,17:36:31
994,374,17:36:31
994,374,17:36:31
994,374,17:36:31
994,374,17:36:31
994,374,17:36:31
994,374,17:36:31
994,374,17:36:32
994,374,17:36:32
994,374,17:36:32
994,374,17:36:32
994,374,17:36:32
994,374,17:36:32
994,374,17:36:32
994,374,17:36:32
994,374,17:36:32
994,374,17:36:32
994,374,17:36:32
994,374,17:36:32
994,374,17:36:32
994,374,17:36:32
994,374,17:36:32
994,374,17:36:32
994,374,17:36:32
994,374,17:36:32
994,374,17:36:32
994,374,17:36:32
994,374,17:36:32
994,374,17:36:32
994,374,17:36:32
994,374,17:36:32
994,374,17:36:32
994,374,17:36:32
994,374,17:36:32
994,374,17:36:32
994,374,17:36:32
994,374,17:36:32
994,374,17:36:33
994,374,17:36:33
994,374,17:36:33
994,374,17:36:33
994,374,17:36:33
994,374,17:36:33
994,374,17:36:33
