1195,692,13:36:32
1165,668,13:36:32
1198,698,13:36:32
1179,694,13:36:32
1189,690,13:36:32
1177,696,13:36:32
1198,721,13:36:32
1147,701,13:36:32
1180,711,13:36:32
1188,729,13:36:32
1121,659,13:36:32
784,572,13:36:32
718,541,13:36:32
712,558,13:36:32
711,495,13:36:32
719,563,13:36:32
742,506,13:36:32
718,453,13:36:32
588,408,13:36:32
558,408,13:36:32
562,404,13:36:32
571,363,13:36:32
572,428,13:36:32
611,378,13:36:32
628,366,13:36:32
580,424,13:36:32
624,369,13:36:32
579,426,13:36:32
615,390,13:36:33
598,377,13:36:33
576,377,13:36:33
576,456,13:36:33
611,455,13:36:33
664,459,13:36:33
628,452,13:36:33
619,468,13:36:33
646,450,13:36:33
623,415,13:36:33
609,441,13:36:33
653,437,13:36:33
600,459,13:36:33
629,469,13:36:33
623,394,13:36:33
630,487,13:36:33
578,389,13:36:33
315,564,13:36:33
262,548,13:36:33
252,512,13:36:33
206,550,13:36:33
263,468,13:36:33
252,401,13:36:33
226,472,13:36:33
267,419,13:36:33
279,409,13:36:33
262,436,13:36:33
223,470,13:36:33
220,410,13:36:33
291,406,13:36:33
235,422,13:36:34
259,437,13:36:34
224,477,13:36:34
301,479,13:36:34
351,441,13:36:34
310,458,13:36:34
338,449,13:36:34
718,538,13:36:34
1025,534,13:36:34
1031,507,13:36:34
1000,487,13:36:34
960,455,13:36:34
1017,497,13:36:34
1010,520,13:36:34
1034,523,13:36:34
996,540,13:36:34
977,500,13:36:34
999,513,13:36:34
1020,543,13:36:34
977,543,13:36:34
1016,576,13:36:34
1002,665,13:36:34
993,621,13:36:34
979,654,13:36:34
1034,640,13:36:34
1010,615,13:36:34
1024,680,13:36:34
945,650,13:36:34
751,698,13:36:34
502,640,13:36:34
417,630,13:36:34
419,648,13:36:35
433,681,13:36:35
446,636,13:36:35
455,625,13:36:35
385,669,13:36:35
420,651,13:36:35
395,681,13:36:35
243,687,13:36:35
180,660,13:36:35
208,648,13:36:35
168,670,13:36:35
174,657,13:36:35
219,645,13:36:35
157,677,13:36:35
173,680,13:36:35
213,671,13:36:35
222,643,13:36:35
229,665,13:36:35
210,682,13:36:35
232,508,13:36:35
191,425,13:36:35
215,404,13:36:35
231,442,13:36:35
216,423,13:36:35
175,452,13:36:35
218,438,13:36:35
160,441,13:36:35
246,340,13:36:35
602,284,13:36:35
734,164,13:36:35
727,121,13:36:36
685,102,13:36:36
615,30,13:36:36
305,0,13:36:36
287,0,13:36:36
272,0,13:36:36
296,0,13:36:36
323,0,13:36:36
303,0,13:36:36
279,0,13:36:36
261,0,13:36:36
298,0,13:36:36
312,0,13:36:36
289,0,13:36:36
300,0,13:36:36
271,0,13:36:36
525,0,13:36:36
669,0,13:36:36
639,0,13:36:36
626,0,13:36:36
610,0,13:36:36
645,0,13:36:36
637,0,13:36:36
603,0,13:36:36
625,0,13:36:36
619,0,13:36:36
839,0,13:36:36
1108,0,13:36:36
1096,0,13:36:36
1103,0,13:36:36
1063,0,13:36:37
1079,0,13:36:37
1119,0,13:36:37
1099,0,13:36:37
1083,0,13:36:37
1119,0,13:36:37
1077,0,13:36:37
1085,0,13:36:37
1105,0,13:36:37
1126,0,13:36:37
1067,0,13:36:37
1107,0,13:36:37
1147,0,13:36:37
1038,0,13:36:37
998,0,13:36:37
972,0,13:36:37
993,0,13:36:37
983,0,13:36:37
964,0,13:36:37
1010,0,13:36:37
1002,0,13:36:37
1014,0,13:36:37
1007,0,13:36:37
963,0,13:36:37
903,28,13:36:37
612,112,13:36:37
457,124,13:36:37
438,118,13:36:37
415,117,13:36:37
389,134,13:36:37
175,137,13:36:38
131,154,13:36:38
157,129,13:36:38
146,148,13:36:38
178,162,13:36:38
117,154,13:36:38
165,147,13:36:38
171,168,13:36:38
177,161,13:36:38
127,205,13:36:38
143,182,13:36:38
119,151,13:36:38
154,168,13:36:38
138,181,13:36:38
186,174,13:36:38
263,205,13:36:38
239,211,13:36:38
214,195,13:36:38
229,201,13:36:38
243,245,13:36:38
394,265,13:36:38
809,314,13:36:38
941,280,13:36:38
1004,299,13:36:38
977,279,13:36:38
1014,299,13:36:38
1000,292,13:36:38
988,316,13:36:38
952,338,13:36:38
958,305,13:36:38
980,311,13:36:39
948,326,13:36:39
966,293,13:36:39
969,288,13:36:39
960,312,13:36:39
1001,333,13:36:39
974,300,13:36:39
974,289,13:36:39
1000,316,13:36:39
973,326,13:36:39
998,333,13:36:39
971,343,13:36:39
989,358,13:36:39
991,322,13:36:39
963,338,13:36:39
968,324,13:36:39
983,357,13:36:39
965,325,13:36:39
949,348,13:36:39
931,345,13:36:39
964,364,13:36:39
942,347,13:36:39
926,329,13:36:39
943,336,13:36:39
952,301,13:36:39
965,344,13:36:39
930,346,13:36:39
908,306,13:36:39
914,333,13:36:39
914,312,13:36:39
943,343,13:36:40
916,343,13:36:40
934,352,13:36:40
962,357,13:36:40
962,313,13:36:40
929,341,13:36:40
944,352,13:36:40
946,335,13:36:40
980,342,13:36:40
982,308,13:36:40
987,332,13:36:40
984,326,13:36:40
1026,296,13:36:40
981,283,13:36:40
904,330,13:36:40
707,304,13:36:40
668,294,13:36:40
673,279,13:36:40
701,294,13:36:40
702,311,13:36:40
697,364,13:36:40
656,330,13:36:40
659,309,13:36:40
673,279,13:36:40
704,304,13:36:40
695,292,13:36:40
691,250,13:36:40
658,289,13:36:40
685,300,13:36:40
670,297,13:36:40
695,329,13:36:40
641,272,13:36:41
712,285,13:36:41
665,278,13:36:41
656,252,13:36:41
560,310,13:36:41
584,291,13:36:41
582,264,13:36:41
563,271,13:36:41
590,291,13:36:41
589,278,13:36:41
586,305,13:36:41
576,262,13:36:41
616,258,13:36:41
603,328,13:36:41
642,349,13:36:41
649,323,13:36:41
634,302,13:36:41
608,365,13:36:41
640,308,13:36:41
609,304,13:36:41
608,326,13:36:41
634,362,13:36:41
600,322,13:36:41
633,302,13:36:41
596,347,13:36:41
626,305,13:36:41
612,328,13:36:41
602,319,13:36:41
615,315,13:36:41
616,325,13:36:41
591,349,13:36:42
624,288,13:36:42
577,260,13:36:42
565,279,13:36:42
576,294,13:36:42
557,276,13:36:42
553,281,13:36:42
592,270,13:36:42
542,305,13:36:42
571,340,13:36:42
574,298,13:36:42
569,317,13:36:42
573,275,13:36:42
596,281,13:36:42
617,310,13:36:42
625,344,13:36:42
602,286,13:36:42
564,340,13:36:42
625,275,13:36:42
592,272,13:36:42
573,280,13:36:42
567,324,13:36:42
584,281,13:36:42
608,302,13:36:42
597,294,13:36:42
557,281,13:36:42
597,294,13:36:42
583,280,13:36:42
536,262,13:36:42
586,299,13:36:42
558,291,13:36:43
592,331,13:36:43
593,262,13:36:43
577,266,13:36:43
621,290,13:36:43
550,266,13:36:43
571,308,13:36:43
561,251,13:36:43
561,277,13:36:43
556,310,13:36:43
552,263,13:36:43
563,289,13:36:43
612,265,13:36:43
625,228,13:36:43
606,240,13:36:43
645,225,13:36:43
619,218,13:36:43
637,217,13:36:43
764,160,13:36:43
1008,0,13:36:43
1100,0,13:36:43
1080,0,13:36:43
1093,0,13:36:43
1081,0,13:36:43
1111,0,13:36:43
1093,0,13:36:43
1169,0,13:36:43
1082,0,13:36:43
1071,0,13:36:43
1182,0,13:36:43
1120,0,13:36:44
1107,0,13:36:44
1123,0,13:36:44
1094,0,13:36:44
1094,0,13:36:44
1124,0,13:36:44
1091,0,13:36:44
1124,0,13:36:44
1127,0,13:36:44
1115,0,13:36:44
1087,0,13:36:44
1115,0,13:36:44
1125,0,13:36:44
1082,0,13:36:44
1059,0,13:36:44
1102,0,13:36:44
1115,0,13:36:44
1101,0,13:36:44
1128,0,13:36:44
1116,0,13:36:44
1100,0,13:36:44
1139,0,13:36:44
1112,0,13:36:44
1131,0,13:36:44
1074,0,13:36:44
1091,0,13:36:44
1115,0,13:36:44
1083,0,13:36:44
1115,0,13:36:44
1097,0,13:36:44
1106,0,13:36:45
1085,0,13:36:45
1127,0,13:36:45
1095,0,13:36:45
1109,0,13:36:45
1119,0,13:36:45
1143,0,13:36:45
1113,0,13:36:45
1043,0,13:36:45
625,0,13:36:45
314,0,13:36:45
271,0,13:36:45
283,0,13:36:45
289,0,13:36:45
283,0,13:36:45
277,0,13:36:45
314,0,13:36:45
262,0,13:36:45
175,0,13:36:45
172,0,13:36:45
150,0,13:36:45
139,0,13:36:45
150,0,13:36:45
151,0,13:36:45
118,0,13:36:45
139,0,13:36:45
287,0,13:36:45
742,0,13:36:45
1022,0,13:36:45
1020,0,13:36:45
1080,0,13:36:46
1023,0,13:36:46
1085,0,13:36:46
1083,0,13:36:46
1041,0,13:36:46
1084,0,13:36:46
1057,0,13:36:46
1083,0,13:36:46
871,0,13:36:46
418,0,13:36:46
296,0,13:36:46
305,0,13:36:46
305,0,13:36:46
279,0,13:36:46
257,0,13:36:46
302,0,13:36:46
207,0,13:36:46
210,0,13:36:46
197,0,13:36:46
212,0,13:36:46
211,0,13:36:46
189,0,13:36:46
212,0,13:36:46
182,0,13:36:46
202,0,13:36:46
210,0,13:36:46
245,0,13:36:46
178,0,13:36:46
208,0,13:36:46
218,0,13:36:46
132,0,13:36:46
187,0,13:36:47
185,0,13:36:47
254,0,13:36:47
263,0,13:36:47
268,4,13:36:47
253,7,13:36:47
214,1,13:36:47
151,0,13:36:47
131,0,13:36:47
129,0,13:36:47
152,0,13:36:47
150,0,13:36:47
118,0,13:36:47
174,24,13:36:47
303,594,13:36:47
390,624,13:36:47
297,567,13:36:47
238,483,13:36:47
208,427,13:36:47
343,373,13:36:47
359,230,13:36:47
342,269,13:36:47
328,243,13:36:47
318,204,13:36:47
326,187,13:36:47
334,141,13:36:47
340,127,13:36:47
327,97,13:36:47
319,86,13:36:47
337,90,13:36:47
263,93,13:36:48
237,91,13:36:48
236,66,13:36:48
233,54,13:36:48
254,68,13:36:48
246,58,13:36:48
291,99,13:36:48
330,82,13:36:48
354,79,13:36:48
328,76,13:36:48
365,75,13:36:48
326,79,13:36:48
334,68,13:36:48
364,59,13:36:48
500,86,13:36:48
507,118,13:36:48
512,107,13:36:48
503,28,13:36:48
501,59,13:36:48
493,71,13:36:48
457,85,13:36:48
526,80,13:36:48
484,73,13:36:48
573,126,13:36:48
605,99,13:36:48
591,111,13:36:48
554,76,13:36:48
594,92,13:36:48
609,90,13:36:48
585,107,13:36:48
485,91,13:36:49
477,74,13:36:49
487,84,13:36:49
475,84,13:36:49
455,81,13:36:49
451,53,13:36:49
498,81,13:36:49
488,66,13:36:49
514,85,13:36:49
540,77,13:36:49
562,106,13:36:49
530,108,13:36:49
490,100,13:36:49
530,73,13:36:49
638,107,13:36:49
706,83,13:36:49
667,81,13:36:49
669,83,13:36:49
695,121,13:36:49
693,102,13:36:49
654,55,13:36:49
699,102,13:36:49
625,99,13:36:49
639,111,13:36:49
614,99,13:36:49
571,95,13:36:49
582,85,13:36:49
623,112,13:36:49
627,112,13:36:49
696,109,13:36:49
710,111,13:36:50
704,121,13:36:50
738,106,13:36:50
643,136,13:36:50
289,106,13:36:50
212,64,13:36:50
192,73,13:36:50
215,69,13:36:50
198,56,13:36:50
190,106,13:36:50
129,69,13:36:50
133,69,13:36:50
154,93,13:36:50
154,84,13:36:50
118,93,13:36:50
215,87,13:36:50
282,85,13:36:50
258,94,13:36:50
318,114,13:36:50
280,80,13:36:50
321,122,13:36:50
284,110,13:36:50
277,122,13:36:50
296,94,13:36:50
297,98,13:36:50
309,88,13:36:50
318,118,13:36:50
301,98,13:36:50
279,83,13:36:50
348,83,13:36:50
419,109,13:36:50
416,114,13:36:51
454,147,13:36:51
407,101,13:36:51
444,147,13:36:51
385,149,13:36:51
437,129,13:36:51
452,127,13:36:51
434,120,13:36:51
574,139,13:36:51
565,142,13:36:51
559,144,13:36:51
574,121,13:36:51
567,101,13:36:51
565,108,13:36:51
567,125,13:36:51
576,141,13:36:51
553,123,13:36:51
569,153,13:36:51
542,152,13:36:51
574,159,13:36:51
552,153,13:36:51
584,164,13:36:51
507,148,13:36:51
593,109,13:36:51
692,172,13:36:51
722,160,13:36:51
706,164,13:36:51
723,181,13:36:51
709,139,13:36:51
726,164,13:36:51
720,175,13:36:52
698,161,13:36:52
630,130,13:36:52
696,181,13:36:52
678,134,13:36:52
696,188,13:36:52
687,151,13:36:52
785,179,13:36:52
756,188,13:36:52
799,183,13:36:52
771,210,13:36:52
769,184,13:36:52
794,195,13:36:52
810,205,13:36:52
790,176,13:36:52
778,195,13:36:52
841,189,13:36:52
810,144,13:36:52
769,156,13:36:52
701,179,13:36:52
273,168,13:36:52
160,152,13:36:52
175,106,13:36:52
184,112,13:36:52
156,134,13:36:52
177,157,13:36:52
193,121,13:36:52
156,145,13:36:52
183,144,13:36:52
170,100,13:36:52
258,117,13:36:53
308,154,13:36:53
330,135,13:36:53
322,151,13:36:53
303,482,13:36:53
403,741,13:36:53
461,741,13:36:53
453,678,13:36:53
413,646,13:36:53
435,621,13:36:53
337,575,13:36:53
410,538,13:36:53
351,555,13:36:53
342,514,13:36:53
375,491,13:36:53
350,452,13:36:53
309,469,13:36:53
424,397,13:36:53
485,382,13:36:53
474,360,13:36:53
489,312,13:36:53
463,332,13:36:53
505,334,13:36:53
445,294,13:36:53
494,288,13:36:53
424,232,13:36:53
411,223,13:36:53
394,202,13:36:53
391,153,13:36:53
386,223,13:36:53
363,222,13:36:54
431,182,13:36:54
465,204,13:36:54
430,183,13:36:54
440,181,13:36:54
461,208,13:36:54
413,215,13:36:54
388,182,13:36:54
454,193,13:36:54
416,152,13:36:54
474,162,13:36:54
478,164,13:36:54
429,155,13:36:54
500,183,13:36:54
553,179,13:36:54
504,157,13:36:54
521,180,13:36:54
502,180,13:36:54
521,163,13:36:54
557,180,13:36:54
557,165,13:36:54
647,193,13:36:54
599,203,13:36:54
622,197,13:36:54
636,170,13:36:54
562,156,13:36:54
517,198,13:36:54
500,152,13:36:54
499,182,13:36:54
471,174,13:36:54
576,165,13:36:55
690,182,13:36:55
703,198,13:36:55
699,208,13:36:55
669,213,13:36:55
661,164,13:36:55
655,227,13:36:55
646,189,13:36:55
606,182,13:36:55
599,200,13:36:55
640,232,13:36:55
625,179,13:36:55
633,221,13:36:55
445,159,13:36:55
165,215,13:36:55
155,179,13:36:55
178,196,13:36:55
181,201,13:36:55
157,190,13:36:55
118,245,13:36:55
137,215,13:36:55
141,171,13:36:55
102,179,13:36:55
81,157,13:36:55
108,230,13:36:55
97,201,13:36:55
127,232,13:36:55
145,184,13:36:55
273,214,13:36:55
269,235,13:36:55
273,218,13:36:56
283,176,13:36:56
231,230,13:36:56
246,233,13:36:56
381,216,13:36:56
380,203,13:36:56
412,224,13:36:56
408,236,13:36:56
373,232,13:36:56
318,255,13:36:56
483,192,13:36:56
557,280,13:36:56
513,247,13:36:56
486,249,13:36:56
506,276,13:36:56
503,271,13:36:56
542,226,13:36:56
594,261,13:36:56
628,246,13:36:56
631,244,13:36:56
615,208,13:36:56
574,247,13:36:56
623,277,13:36:56
601,266,13:36:56
615,240,13:36:56
646,259,13:36:56
646,241,13:36:56
640,272,13:36:56
635,256,13:36:56
683,249,13:36:56
669,249,13:36:56
730,247,13:36:57
743,235,13:36:57
679,206,13:36:57
704,279,13:36:57
760,304,13:36:57
727,274,13:36:57
714,258,13:36:57
315,278,13:36:57
135,199,13:36:57
111,254,13:36:57
148,218,13:36:57
114,252,13:36:57
136,257,13:36:57
162,226,13:36:57
142,209,13:36:57
102,281,13:36:57
131,235,13:36:57
114,240,13:36:57
153,279,13:36:57
195,221,13:36:57
200,299,13:36:57
251,264,13:36:57
237,269,13:36:57
270,270,13:36:57
240,258,13:36:57
213,265,13:36:57
203,287,13:36:57
237,307,13:36:57
180,259,13:36:57
214,246,13:36:57
218,266,13:36:58
244,243,13:36:58
257,205,13:36:58
219,229,13:36:58
263,227,13:36:58
211,256,13:36:58
220,208,13:36:58
232,247,13:36:58
280,277,13:36:58
426,234,13:36:58
395,229,13:36:58
381,267,13:36:58
393,245,13:36:58
416,251,13:36:58
377,237,13:36:58
392,257,13:36:58
370,234,13:36:58
330,251,13:36:58
372,262,13:36:58
383,225,13:36:58
363,225,13:36:58
439,275,13:36:58
442,282,13:36:58
450,268,13:36:58
476,267,13:36:58
452,325,13:36:58
414,270,13:36:58
494,310,13:36:58
495,279,13:36:58
478,264,13:36:58
506,256,13:36:59
511,306,13:36:59
499,240,13:36:59
576,228,13:36:59
635,308,13:36:59
610,315,13:36:59
642,318,13:36:59
695,285,13:36:59
668,313,13:36:59
633,331,13:36:59
637,308,13:36:59
653,315,13:36:59
649,295,13:36:59
655,299,13:36:59
688,300,13:36:59
651,268,13:36:59
704,301,13:36:59
770,304,13:36:59
732,306,13:36:59
700,314,13:36:59
702,317,13:36:59
709,305,13:36:59
579,278,13:36:59
230,281,13:36:59
147,323,13:36:59
197,292,13:36:59
173,319,13:36:59
161,280,13:36:59
178,299,13:36:59
103,312,13:36:59
79,306,13:37:00
121,357,13:37:00
115,308,13:37:00
224,310,13:37:00
260,306,13:37:00
310,263,13:37:00
272,329,13:37:00
229,308,13:37:00
281,325,13:37:00
393,308,13:37:00
383,281,13:37:00
372,310,13:37:00
360,328,13:37:00
355,305,13:37:00
321,365,13:37:00
284,341,13:37:00
185,312,13:37:00
218,307,13:37:00
227,288,13:37:00
222,318,13:37:00
198,349,13:37:00
157,310,13:37:00
217,332,13:37:00
183,327,13:37:00
375,324,13:37:00
410,301,13:37:00
382,312,13:37:00
405,300,13:37:00
414,327,13:37:00
373,330,13:37:00
412,320,13:37:01
368,319,13:37:01
434,326,13:37:01
445,313,13:37:01
428,303,13:37:01
419,351,13:37:01
423,338,13:37:01
433,320,13:37:01
450,363,13:37:01
405,285,13:37:01
416,308,13:37:01
428,344,13:37:01
402,336,13:37:01
451,333,13:37:01
535,359,13:37:01
525,334,13:37:01
478,311,13:37:01
525,340,13:37:01
526,373,13:37:01
525,311,13:37:01
531,325,13:37:01
557,351,13:37:01
541,315,13:37:01
558,374,13:37:01
517,339,13:37:01
510,352,13:37:01
510,332,13:37:01
569,336,13:37:01
544,327,13:37:01
613,378,13:37:01
640,430,13:37:02
649,339,13:37:02
650,386,13:37:02
660,350,13:37:02
638,355,13:37:02
649,288,13:37:02
641,355,13:37:02
685,314,13:37:02
733,395,13:37:02
705,392,13:37:02
700,320,13:37:02
726,370,13:37:02
727,407,13:37:02
743,408,13:37:02
786,358,13:37:02
755,405,13:37:02
779,400,13:37:02
746,362,13:37:02
761,332,13:37:02
782,355,13:37:02
741,373,13:37:02
741,331,13:37:02
726,365,13:37:02
638,360,13:37:02
150,402,13:37:02
120,342,13:37:02
145,316,13:37:02
133,324,13:37:02
133,314,13:37:02
112,415,13:37:02
134,385,13:37:02
125,421,13:37:03
113,318,13:37:03
113,355,13:37:03
133,341,13:37:03
191,371,13:37:03
230,355,13:37:03
196,408,13:37:03
248,374,13:37:03
280,366,13:37:03
234,438,13:37:03
347,703,13:37:03
441,741,13:37:03
399,720,13:37:03
429,700,13:37:03
363,691,13:37:03
375,657,13:37:03
341,640,13:37:03
301,640,13:37:03
334,631,13:37:03
298,632,13:37:03
327,615,13:37:03
345,613,13:37:03
327,601,13:37:03
447,593,13:37:03
447,584,13:37:03
451,589,13:37:03
451,568,13:37:03
452,527,13:37:03
433,564,13:37:03
602,491,13:37:03
573,554,13:37:04
592,477,13:37:04
543,531,13:37:04
560,509,13:37:04
586,516,13:37:04
647,495,13:37:04
637,480,13:37:04
689,450,13:37:04
605,506,13:37:04
659,475,13:37:04
289,480,13:37:04
104,492,13:37:04
113,469,13:37:04
133,467,13:37:04
121,473,13:37:04
84,510,13:37:04
112,532,13:37:04
90,520,13:37:04
109,498,13:37:04
143,517,13:37:04
291,458,13:37:04
284,488,13:37:04
268,480,13:37:04
331,492,13:37:04
302,509,13:37:04
296,504,13:37:04
259,497,13:37:04
227,471,13:37:04
225,505,13:37:04
201,510,13:37:04
219,532,13:37:05
227,526,13:37:05
253,501,13:37:05
244,498,13:37:05
231,514,13:37:05
326,493,13:37:05
309,504,13:37:05
334,567,13:37:05
365,496,13:37:05
344,529,13:37:05
412,539,13:37:05
605,535,13:37:05
555,555,13:37:05
561,526,13:37:05
644,535,13:37:05
568,545,13:37:05
526,519,13:37:05
575,476,13:37:05
611,537,13:37:05
564,498,13:37:05
579,491,13:37:05
607,542,13:37:05
685,552,13:37:05
685,508,13:37:05
640,544,13:37:05
702,531,13:37:05
677,542,13:37:05
511,531,13:37:05
137,546,13:37:05
60,539,13:37:05
79,536,13:37:06
76,553,13:37:06
92,524,13:37:06
73,541,13:37:06
108,518,13:37:06
116,501,13:37:06
121,545,13:37:06
125,518,13:37:06
53,579,13:37:06
79,545,13:37:06
100,516,13:37:06
103,530,13:37:06
159,536,13:37:06
202,505,13:37:06
218,534,13:37:06
222,503,13:37:06
187,571,13:37:06
173,559,13:37:06
158,535,13:37:06
257,543,13:37:06
339,525,13:37:06
303,541,13:37:06
311,537,13:37:06
301,543,13:37:06
312,540,13:37:06
350,537,13:37:06
338,582,13:37:06
290,521,13:37:06
356,518,13:37:06
418,544,13:37:06
462,507,13:37:07
470,509,13:37:07
420,582,13:37:07
461,547,13:37:07
445,564,13:37:07
536,533,13:37:07
568,548,13:37:07
531,568,13:37:07
570,536,13:37:07
537,498,13:37:07
675,531,13:37:07
675,561,13:37:07
684,554,13:37:07
711,547,13:37:07
733,555,13:37:07
724,529,13:37:07
616,579,13:37:07
632,559,13:37:07
599,539,13:37:07
634,553,13:37:07
640,533,13:37:07
706,519,13:37:07
652,607,13:37:07
658,518,13:37:07
325,579,13:37:07
156,534,13:37:07
155,541,13:37:07
167,583,13:37:07
149,568,13:37:07
168,598,13:37:07
95,577,13:37:07
114,539,13:37:08
89,569,13:37:08
80,546,13:37:08
102,568,13:37:08
105,539,13:37:08
123,540,13:37:08
74,573,13:37:08
77,587,13:37:08
136,629,13:37:08
99,606,13:37:08
107,631,13:37:08
137,601,13:37:08
113,615,13:37:08
167,614,13:37:08
114,586,13:37:08
187,583,13:37:08
176,625,13:37:08
180,610,13:37:08
197,608,13:37:08
210,608,13:37:08
229,607,13:37:08
202,614,13:37:08
223,596,13:37:08
200,594,13:37:08
146,609,13:37:08
143,619,13:37:08
161,623,13:37:08
175,584,13:37:08
193,617,13:37:08
117,614,13:37:08
143,604,13:37:09
130,601,13:37:09
140,587,13:37:09
90,606,13:37:09
98,623,13:37:09
146,635,13:37:09
164,621,13:37:09
256,593,13:37:09
188,640,13:37:09
191,637,13:37:09
170,630,13:37:09
229,648,13:37:09
250,592,13:37:09
199,638,13:37:09
213,623,13:37:09
185,630,13:37:09
188,660,13:37:09
172,616,13:37:09
198,658,13:37:09
254,595,13:37:09
251,631,13:37:09
294,598,13:37:09
263,636,13:37:09
284,639,13:37:09
294,640,13:37:09
324,642,13:37:09
305,614,13:37:09
314,603,13:37:09
295,624,13:37:09
315,631,13:37:09
232,644,13:37:10
279,620,13:37:10
332,620,13:37:10
308,620,13:37:10
268,626,13:37:10
304,608,13:37:10
223,653,13:37:10
213,614,13:37:10
245,601,13:37:10
202,628,13:37:10
239,623,13:37:10
231,625,13:37:10
216,612,13:37:10
405,625,13:37:10
370,637,13:37:10
330,627,13:37:10
357,627,13:37:10
378,616,13:37:10
378,626,13:37:10
389,631,13:37:10
452,633,13:37:10
540,592,13:37:10
479,635,13:37:10
532,601,13:37:10
475,642,13:37:10
466,635,13:37:10
466,629,13:37:10
486,627,13:37:10
623,603,13:37:10
562,622,13:37:10
576,626,13:37:11
594,618,13:37:11
565,605,13:37:11
572,631,13:37:11
554,608,13:37:11
567,633,13:37:11
710,595,13:37:11
684,639,13:37:11
702,605,13:37:11
680,623,13:37:11
692,601,13:37:11
644,608,13:37:11
285,638,13:37:11
176,617,13:37:11
134,612,13:37:11
112,592,13:37:11
143,596,13:37:11
104,589,13:37:11
78,611,13:37:11
117,587,13:37:11
30,577,13:37:11
86,569,13:37:11
51,589,13:37:11
136,598,13:37:11
212,588,13:37:11
250,556,13:37:11
229,559,13:37:11
215,552,13:37:11
182,612,13:37:11
251,606,13:37:11
331,587,13:37:12
290,624,13:37:12
323,628,13:37:12
299,609,13:37:12
305,588,13:37:12
318,609,13:37:12
438,581,13:37:12
469,619,13:37:12
473,570,13:37:12
439,595,13:37:12
388,609,13:37:12
447,646,13:37:12
446,598,13:37:12
470,566,13:37:12
427,626,13:37:12
482,610,13:37:12
486,588,13:37:12
489,608,13:37:12
459,639,13:37:12
471,619,13:37:12
535,647,13:37:12
565,628,13:37:12
560,632,13:37:12
555,628,13:37:12
399,633,13:37:12
111,664,13:37:12
121,625,13:37:12
150,646,13:37:12
114,640,13:37:12
132,626,13:37:12
117,625,13:37:12
122,638,13:37:13
133,619,13:37:13
218,642,13:37:13
159,649,13:37:13
200,655,13:37:13
188,653,13:37:13
189,630,13:37:13
308,626,13:37:13
335,652,13:37:13
317,637,13:37:13
315,662,13:37:13
334,632,13:37:13
302,659,13:37:13
315,661,13:37:13
401,639,13:37:13
432,657,13:37:13
416,658,13:37:13
420,650,13:37:13
445,644,13:37:13
438,626,13:37:13
453,632,13:37:13
624,647,13:37:13
558,638,13:37:13
560,676,13:37:13
603,628,13:37:13
557,657,13:37:13
604,642,13:37:13
599,651,13:37:13
556,660,13:37:13
589,647,13:37:13
550,641,13:37:14
600,664,13:37:14
541,658,13:37:14
554,658,13:37:14
530,623,13:37:14
331,654,13:37:14
123,666,13:37:14
171,621,13:37:14
157,641,13:37:14
144,689,13:37:14
147,644,13:37:14
104,662,13:37:14
132,663,13:37:14
209,666,13:37:14
205,672,13:37:14
214,671,13:37:14
166,658,13:37:14
245,682,13:37:14
200,667,13:37:14
257,655,13:37:14
232,662,13:37:14
96,626,13:37:14
136,626,13:37:14
128,611,13:37:14
133,647,13:37:14
117,642,13:37:14
102,662,13:37:14
68,624,13:37:14
117,654,13:37:14
133,637,13:37:14
229,662,13:37:15
239,653,13:37:15
238,637,13:37:15
238,634,13:37:15
219,642,13:37:15
205,611,13:37:15
243,613,13:37:15
385,546,13:37:15
420,427,13:37:15
417,374,13:37:15
443,262,13:37:15
456,131,13:37:15
457,115,13:37:15
491,64,13:37:15
474,39,13:37:15
469,1,13:37:15
479,0,13:37:15
461,0,13:37:15
444,0,13:37:15
437,0,13:37:15
422,0,13:37:15
386,0,13:37:15
298,0,13:37:15
289,0,13:37:15
262,0,13:37:15
278,0,13:37:15
303,0,13:37:15
247,0,13:37:15
271,0,13:37:15
294,0,13:37:15
295,0,13:37:16
250,0,13:37:16
274,0,13:37:16
246,0,13:37:16
258,0,13:37:16
281,0,13:37:16
256,0,13:37:16
114,117,13:37:16
70,469,13:37:16
68,516,13:37:16
83,512,13:37:16
28,558,13:37:16
84,509,13:37:16
94,512,13:37:16
67,594,13:37:16
137,597,13:37:16
103,581,13:37:16
78,612,13:37:16
81,585,13:37:16
127,608,13:37:16
103,585,13:37:16
106,573,13:37:16
108,549,13:37:16
130,528,13:37:16
138,496,13:37:16
96,508,13:37:16
163,429,13:37:16
151,368,13:37:16
170,389,13:37:16
212,308,13:37:16
205,230,13:37:17
181,243,13:37:17
210,78,13:37:17
232,48,13:37:17
238,0,13:37:17
237,0,13:37:17
231,0,13:37:17
239,0,13:37:17
249,0,13:37:17
238,0,13:37:17
234,0,13:37:17
207,0,13:37:17
204,9,13:37:17
206,16,13:37:17
189,27,13:37:17
205,1,13:37:17
200,4,13:37:17
194,6,13:37:17
187,27,13:37:17
213,40,13:37:17
173,36,13:37:17
199,12,13:37:17
198,27,13:37:17
184,26,13:37:17
152,37,13:37:17
180,5,13:37:17
249,0,13:37:17
238,0,13:37:17
218,0,13:37:17
228,0,13:37:17
239,0,13:37:18
238,0,13:37:18
248,0,13:37:18
241,0,13:37:18
256,0,13:37:18
222,0,13:37:18
246,0,13:37:18
244,0,13:37:18
239,0,13:37:18
244,0,13:37:18
246,0,13:37:18
236,0,13:37:18
236,0,13:37:18
221,0,13:37:18
211,0,13:37:18
238,0,13:37:18
207,0,13:37:18
211,0,13:37:18
223,0,13:37:18
226,0,13:37:18
195,0,13:37:18
290,0,13:37:18
271,0,13:37:18
279,0,13:37:18
279,0,13:37:18
298,0,13:37:18
247,0,13:37:18
197,0,13:37:18
202,0,13:37:18
225,0,13:37:18
195,0,13:37:18
243,0,13:37:19
202,0,13:37:19
235,0,13:37:19
203,0,13:37:19
201,0,13:37:19
228,0,13:37:19
211,0,13:37:19
235,0,13:37:19
208,0,13:37:19
203,0,13:37:19
232,0,13:37:19
240,0,13:37:19
331,0,13:37:19
323,0,13:37:19
319,0,13:37:19
315,0,13:37:19
303,0,13:37:19
341,0,13:37:19
305,0,13:37:19
304,0,13:37:19
313,0,13:37:19
294,0,13:37:19
326,0,13:37:19
316,0,13:37:19
287,0,13:37:19
322,0,13:37:19
316,0,13:37:19
294,0,13:37:19
290,0,13:37:19
284,0,13:37:19
299,0,13:37:20
346,0,13:37:20
383,0,13:37:20
381,0,13:37:20
361,0,13:37:20
388,0,13:37:20
374,0,13:37:20
409,0,13:37:20
452,0,13:37:20
495,0,13:37:20
483,0,13:37:20
476,0,13:37:20
438,0,13:37:20
463,0,13:37:20
492,0,13:37:20
412,0,13:37:20
359,0,13:37:20
394,163,13:37:20
441,714,13:37:20
425,734,13:37:20
501,649,13:37:20
462,556,13:37:20
377,481,13:37:20
385,377,13:37:20
446,283,13:37:20
415,171,13:37:20
412,169,13:37:20
423,135,13:37:20
418,130,13:37:20
420,52,13:37:20
405,84,13:37:21
425,5,13:37:21
479,32,13:37:21
585,7,13:37:21
556,0,13:37:21
575,0,13:37:21
541,0,13:37:21
536,0,13:37:21
568,0,13:37:21
575,0,13:37:21
563,0,13:37:21
556,0,13:37:21
560,0,13:37:21
610,0,13:37:21
648,17,13:37:21
642,0,13:37:21
656,0,13:37:21
659,9,13:37:21
672,3,13:37:21
639,0,13:37:21
630,0,13:37:21
638,0,13:37:21
650,0,13:37:21
723,0,13:37:21
722,0,13:37:21
731,0,13:37:21
728,9,13:37:21
691,0,13:37:21
728,3,13:37:21
672,6,13:37:21
689,0,13:37:22
695,16,13:37:22
661,0,13:37:22
690,0,13:37:22
665,0,13:37:22
705,8,13:37:22
688,34,13:37:22
700,15,13:37:22
697,2,13:37:22
670,0,13:37:22
636,8,13:37:22
348,2,13:37:22
221,0,13:37:22
160,0,13:37:22
196,0,13:37:22
191,0,13:37:22
170,0,13:37:22
167,2,13:37:22
194,24,13:37:22
157,0,13:37:22
178,0,13:37:22
177,0,13:37:22
190,0,13:37:22
188,0,13:37:22
226,0,13:37:22
173,0,13:37:22
170,3,13:37:22
219,0,13:37:22
186,0,13:37:22
203,0,13:37:22
251,0,13:37:23
214,0,13:37:23
225,0,13:37:23
219,0,13:37:23
203,7,13:37:23
333,3,13:37:23
332,0,13:37:23
329,0,13:37:23
354,0,13:37:23
325,3,13:37:23
328,2,13:37:23
302,0,13:37:23
298,0,13:37:23
338,0,13:37:23
390,0,13:37:23
415,29,13:37:23
428,5,13:37:23
481,19,13:37:23
419,254,13:37:23
426,741,13:37:23
469,730,13:37:23
506,675,13:37:23
530,604,13:37:23
545,552,13:37:23
496,496,13:37:23
530,408,13:37:23
576,363,13:37:23
536,301,13:37:23
566,253,13:37:23
531,251,13:37:23
550,198,13:37:24
556,232,13:37:24
663,126,13:37:24
664,171,13:37:24
628,163,13:37:24
628,158,13:37:24
649,113,13:37:24
637,83,13:37:24
630,95,13:37:24
673,92,13:37:24
626,98,13:37:24
645,82,13:37:24
642,102,13:37:24
661,70,13:37:24
665,85,13:37:24
707,74,13:37:24
700,50,13:37:24
675,56,13:37:24
687,84,13:37:24
715,57,13:37:24
715,57,13:37:24
727,71,13:37:24
721,44,13:37:24
735,69,13:37:24
730,45,13:37:24
581,40,13:37:24
322,45,13:37:24
279,42,13:37:24
309,37,13:37:24
287,68,13:37:24
321,54,13:37:24
310,53,13:37:25
291,92,13:37:25
337,56,13:37:25
332,36,13:37:25
364,64,13:37:25
371,37,13:37:25
410,38,13:37:25
375,71,13:37:25
362,98,13:37:25
437,65,13:37:25
459,43,13:37:25
447,59,13:37:25
464,45,13:37:25
444,44,13:37:25
446,72,13:37:25
410,22,13:37:25
413,56,13:37:25
415,40,13:37:25
406,60,13:37:25
458,34,13:37:25
572,47,13:37:25
518,65,13:37:25
509,95,13:37:25
535,66,13:37:25
530,89,13:37:25
553,98,13:37:25
525,87,13:37:25
529,84,13:37:25
486,71,13:37:25
517,47,13:37:25
483,51,13:37:26
497,38,13:37:26
512,56,13:37:26
545,86,13:37:26
551,83,13:37:26
554,75,13:37:26
537,53,13:37:26
551,40,13:37:26
501,23,13:37:26
536,48,13:37:26
528,45,13:37:26
538,48,13:37:26
518,33,13:37:26
588,52,13:37:26
678,66,13:37:26
632,30,13:37:26
669,59,13:37:26
645,53,13:37:26
628,68,13:37:26
681,70,13:37:26
647,62,13:37:26
653,69,13:37:26
682,64,13:37:26
652,64,13:37:26
606,57,13:37:26
640,26,13:37:26
657,26,13:37:26
625,87,13:37:26
604,51,13:37:26
580,59,13:37:26
297,75,13:37:27
163,57,13:37:27
218,10,13:37:27
218,10,13:37:27
197,11,13:37:27
206,14,13:37:27
155,34,13:37:27
191,19,13:37:27
193,0,13:37:27
172,14,13:37:27
235,0,13:37:27
219,14,13:37:27
251,21,13:37:27
287,0,13:37:27
300,9,13:37:27
311,39,13:37:27
389,33,13:37:27
400,35,13:37:27
400,3,13:37:27
430,29,13:37:27
399,17,13:37:27
464,21,13:37:27
552,21,13:37:27
553,71,13:37:27
520,62,13:37:27
558,54,13:37:27
557,47,13:37:27
565,66,13:37:27
558,41,13:37:27
466,44,13:37:27
497,39,13:37:28
489,35,13:37:28
454,35,13:37:28
574,80,13:37:28
627,85,13:37:28
631,44,13:37:28
627,49,13:37:28
594,83,13:37:28
596,107,13:37:28
627,85,13:37:28
639,83,13:37:28
582,67,13:37:28
618,81,13:37:28
619,86,13:37:28
584,90,13:37:28
560,62,13:37:28
598,78,13:37:28
586,84,13:37:28
592,64,13:37:28
721,77,13:37:28
713,97,13:37:28
730,100,13:37:28
704,96,13:37:28
644,86,13:37:28
745,130,13:37:28
677,62,13:37:28
660,81,13:37:28
693,98,13:37:28
728,89,13:37:28
676,73,13:37:28
673,87,13:37:29
644,61,13:37:29
646,81,13:37:29
665,75,13:37:29
689,86,13:37:29
785,114,13:37:29
783,99,13:37:29
798,135,13:37:29
775,108,13:37:29
738,120,13:37:29
762,71,13:37:29
797,104,13:37:29
803,118,13:37:29
837,117,13:37:29
832,95,13:37:29
851,151,13:37:29
809,92,13:37:29
825,81,13:37:29
843,140,13:37:29
833,84,13:37:29
820,145,13:37:29
836,94,13:37:29
845,149,13:37:29
862,115,13:37:29
874,144,13:37:29
816,133,13:37:29
549,142,13:37:29
331,469,13:37:29
440,644,13:37:29
494,741,13:37:29
535,741,13:37:29
514,741,13:37:30
450,702,13:37:30
399,631,13:37:30
349,589,13:37:30
304,536,13:37:30
222,474,13:37:30
235,396,13:37:30
226,343,13:37:30
238,315,13:37:30
229,293,13:37:30
333,236,13:37:30
332,247,13:37:30
331,223,13:37:30
295,265,13:37:30
326,208,13:37:30
305,177,13:37:30
311,156,13:37:30
417,173,13:37:30
422,122,13:37:30
464,116,13:37:30
415,145,13:37:30
472,117,13:37:30
439,131,13:37:30
422,115,13:37:30
395,118,13:37:30
350,91,13:37:30
380,74,13:37:30
408,84,13:37:30
253,125,13:37:30
260,83,13:37:30
266,98,13:37:31
312,93,13:37:31
246,99,13:37:31
274,79,13:37:31
298,97,13:37:31
308,85,13:37:31
333,116,13:37:31
478,73,13:37:31
448,114,13:37:31
451,110,13:37:31
457,152,13:37:31
436,104,13:37:31
445,104,13:37:31
442,103,13:37:31
551,138,13:37:31
610,119,13:37:31
544,79,13:37:31
535,136,13:37:31
547,100,13:37:31
562,99,13:37:31
550,98,13:37:31
557,73,13:37:31
512,64,13:37:31
506,54,13:37:31
502,62,13:37:31
492,0,13:37:31
476,4,13:37:31
492,14,13:37:31
497,26,13:37:31
532,24,13:37:31
606,52,13:37:32
571,33,13:37:32
609,40,13:37:32
621,83,13:37:32
604,65,13:37:32
577,58,13:37:32
494,51,13:37:32
475,43,13:37:32
488,32,13:37:32
485,20,13:37:32
515,38,13:37:32
473,32,13:37:32
516,54,13:37:32
481,77,13:37:32
573,75,13:37:32
590,78,13:37:32
605,76,13:37:32
566,86,13:37:32
596,77,13:37:32
572,109,13:37:32
641,69,13:37:32
690,140,13:37:32
698,90,13:37:32
685,112,13:37:32
701,108,13:37:32
709,88,13:37:32
678,162,13:37:32
582,77,13:37:32
627,157,13:37:32
608,103,13:37:32
616,129,13:37:33
598,91,13:37:33
619,86,13:37:33
610,133,13:37:33
580,80,13:37:33
585,91,13:37:33
575,92,13:37:33
680,113,13:37:33
716,110,13:37:33
709,109,13:37:33
701,109,13:37:33
730,126,13:37:33
725,124,13:37:33
763,163,13:37:33
800,156,13:37:33
793,142,13:37:33
802,151,13:37:33
787,144,13:37:33
740,107,13:37:33
864,162,13:37:33
864,117,13:37:33
895,178,13:37:33
871,128,13:37:33
858,180,13:37:33
889,176,13:37:33
914,165,13:37:33
896,175,13:37:33
829,131,13:37:33
820,116,13:37:33
895,196,13:37:33
861,157,13:37:34
851,170,13:37:34
872,169,13:37:34
723,145,13:37:34
312,118,13:37:34
246,75,13:37:34
189,136,13:37:34
227,99,13:37:34
240,96,13:37:34
206,104,13:37:34
227,101,13:37:34
191,133,13:37:34
186,101,13:37:34
210,108,13:37:34
324,101,13:37:34
301,96,13:37:34
356,100,13:37:34
296,129,13:37:34
284,120,13:37:34
440,130,13:37:34
527,133,13:37:34
496,146,13:37:34
489,147,13:37:34
484,124,13:37:34
478,122,13:37:34
511,137,13:37:34
462,121,13:37:34
484,136,13:37:34
488,111,13:37:34
476,128,13:37:34
613,183,13:37:34
630,155,13:37:35
611,177,13:37:35
595,128,13:37:35
602,164,13:37:35
650,141,13:37:35
718,178,13:37:35
740,167,13:37:35
686,180,13:37:35
717,133,13:37:35
671,141,13:37:35
700,125,13:37:35
685,177,13:37:35
713,207,13:37:35
673,128,13:37:35
686,177,13:37:35
738,200,13:37:35
782,177,13:37:35
797,175,13:37:35
790,165,13:37:35
772,175,13:37:35
760,182,13:37:35
784,166,13:37:35
597,159,13:37:35
323,123,13:37:35
231,141,13:37:35
250,130,13:37:35
267,134,13:37:35
259,113,13:37:35
246,169,13:37:35
191,149,13:37:35
200,134,13:37:36
221,135,13:37:36
212,135,13:37:36
171,205,13:37:36
185,159,13:37:36
195,139,13:37:36
198,123,13:37:36
294,212,13:37:36
323,138,13:37:36
315,126,13:37:36
364,160,13:37:36
378,123,13:37:36
350,153,13:37:36
414,167,13:37:36
458,139,13:37:36
461,116,13:37:36
415,149,13:37:36
430,152,13:37:36
443,157,13:37:36
520,156,13:37:36
516,181,13:37:36
532,135,13:37:36
533,102,13:37:36
515,145,13:37:36
585,163,13:37:36
633,180,13:37:36
639,164,13:37:36
627,180,13:37:36
629,148,13:37:36
624,144,13:37:36
626,193,13:37:37
678,174,13:37:37
687,198,13:37:37
673,169,13:37:37
738,182,13:37:37
692,198,13:37:37
661,186,13:37:37
676,195,13:37:37
682,132,13:37:37
651,239,13:37:37
611,178,13:37:37
582,205,13:37:37
567,277,13:37:37
588,189,13:37:37
578,196,13:37:37
526,215,13:37:37
294,227,13:37:37
190,211,13:37:37
221,194,13:37:37
188,205,13:37:37
193,172,13:37:37
154,205,13:37:37
220,204,13:37:37
187,227,13:37:37
236,184,13:37:37
207,172,13:37:37
166,213,13:37:37
351,153,13:37:37
344,165,13:37:37
314,214,13:37:37
362,212,13:37:38
285,214,13:37:38
390,187,13:37:38
308,200,13:37:38
256,204,13:37:38
224,213,13:37:38
228,163,13:37:38
214,199,13:37:38
170,247,13:37:38
355,205,13:37:38
377,210,13:37:38
375,212,13:37:38
385,184,13:37:38
394,175,13:37:38
369,177,13:37:38
382,194,13:37:38
416,139,13:37:38
409,208,13:37:38
382,201,13:37:38
364,189,13:37:38
438,219,13:37:38
615,204,13:37:38
598,216,13:37:38
647,244,13:37:38
600,212,13:37:38
604,221,13:37:38
588,204,13:37:38
582,261,13:37:38
584,247,13:37:38
594,184,13:37:38
578,236,13:37:39
658,262,13:37:39
960,398,13:37:39
1009,380,13:37:39
1014,335,13:37:39
996,341,13:37:39
1014,353,13:37:39
988,350,13:37:39
1015,390,13:37:39
1049,380,13:37:39
1124,363,13:37:39
1163,363,13:37:39
1168,377,13:37:39
1173,356,13:37:39
1118,326,13:37:39
1129,339,13:37:39
1173,365,13:37:39
1085,336,13:37:39
1133,376,13:37:39
1096,354,13:37:39
1023,360,13:37:39
1095,394,13:37:39
1049,363,13:37:39
1114,454,13:37:39
1054,411,13:37:39
1068,377,13:37:39
1073,390,13:37:39
1087,417,13:37:39
1061,352,13:37:39
1111,380,13:37:39
1217,394,13:37:40
1188,377,13:37:40
1229,363,13:37:40
1216,374,13:37:40
1193,363,13:37:40
1210,386,13:37:40
1245,380,13:37:40
1224,336,13:37:40
1188,394,13:37:40
1210,404,13:37:40
1218,394,13:37:40
1254,454,13:37:40
1159,372,13:37:40
1248,444,13:37:40
1190,352,13:37:40
1215,361,13:37:40
1078,272,13:37:40
1070,260,13:37:40
1092,228,13:37:40
1105,262,13:37:40
1122,238,13:37:40
1113,223,13:37:40
1080,244,13:37:40
1080,264,13:37:40
1125,262,13:37:40
1105,265,13:37:40
1088,248,13:37:40
1069,218,13:37:40
1097,212,13:37:40
1097,238,13:37:40
1058,197,13:37:40
1062,169,13:37:41
1109,206,13:37:41
1120,212,13:37:41
1085,189,13:37:41
1120,237,13:37:41
1082,214,13:37:41
1084,216,13:37:41
1047,213,13:37:41
1102,254,13:37:41
1125,232,13:37:41
1065,214,13:37:41
1110,230,13:37:41
1072,222,13:37:41
1114,264,13:37:41
1110,272,13:37:41
1112,254,13:37:41
1112,238,13:37:41
1113,251,13:37:41
1065,210,13:37:41
1106,267,13:37:41
1126,306,13:37:41
1163,328,13:37:41
1080,238,13:37:41
1101,290,13:37:41
1073,268,13:37:41
1143,300,13:37:41
1138,288,13:37:41
1160,266,13:37:41
1173,307,13:37:41
1086,241,13:37:41
1115,271,13:37:42
1101,257,13:37:42
1121,230,13:37:42
1163,305,13:37:42
1135,360,13:37:42
1071,455,13:37:42
1001,425,13:37:42
1052,449,13:37:42
994,442,13:37:42
1021,485,13:37:42
1032,467,13:37:42
963,421,13:37:42
1026,445,13:37:42
988,456,13:37:42
985,429,13:37:42
1041,456,13:37:42
1055,453,13:37:42
1075,484,13:37:42
1073,438,13:37:42
1073,430,13:37:42
1096,457,13:37:42
1135,406,13:37:42
1177,438,13:37:42
1139,412,13:37:42
1123,428,13:37:42
1129,422,13:37:42
1161,466,13:37:42
1178,428,13:37:42
1060,419,13:37:42
1074,451,13:37:42
1036,424,13:37:43
1044,433,13:37:43
1020,492,13:37:43
763,423,13:37:43
358,459,13:37:43
280,423,13:37:43
285,424,13:37:43
253,439,13:37:43
368,474,13:37:43
805,497,13:37:43
1072,589,13:37:43
1061,531,13:37:43
1097,556,13:37:43
1079,536,13:37:43
1060,520,13:37:43
1089,544,13:37:43
993,548,13:37:43
498,609,13:37:43
397,687,13:37:43
404,644,13:37:43
326,583,13:37:43
289,544,13:37:43
253,537,13:37:43
279,532,13:37:43
291,509,13:37:43
196,486,13:37:43
202,471,13:37:43
202,434,13:37:43
160,428,13:37:43
212,379,13:37:43
216,389,13:37:44
200,370,13:37:44
172,412,13:37:44
189,378,13:37:44
202,382,13:37:44
182,343,13:37:44
202,333,13:37:44
203,355,13:37:44
271,315,13:37:44
295,332,13:37:44
311,336,13:37:44
296,289,13:37:44
309,305,13:37:44
330,300,13:37:44
347,382,13:37:44
715,560,13:37:44
1044,627,13:37:44
1027,590,13:37:44
1022,570,13:37:44
1047,575,13:37:44
1024,569,13:37:44
1085,550,13:37:44
1074,552,13:37:44
1078,607,13:37:44
1039,534,13:37:44
1096,545,13:37:44
1081,512,13:37:44
1107,505,13:37:44
1098,502,13:37:44
1124,517,13:37:44
1120,498,13:37:45
1102,560,13:37:45
1067,511,13:37:45
1096,501,13:37:45
1114,506,13:37:45
1071,486,13:37:45
1104,525,13:37:45
1093,480,13:37:45
1071,513,13:37:45
972,599,13:37:45
970,594,13:37:45
773,573,13:37:45
387,571,13:37:45
323,542,13:37:45
349,533,13:37:45
348,546,13:37:45
349,508,13:37:45
277,514,13:37:45
200,568,13:37:45
279,502,13:37:45
249,441,13:37:45
243,482,13:37:45
243,492,13:37:45
246,462,13:37:45
218,490,13:37:45
265,427,13:37:45
263,407,13:37:45
584,470,13:37:45
1023,436,13:37:45
1146,405,13:37:45
1143,341,13:37:46
1108,391,13:37:46
1099,317,13:37:46
1081,334,13:37:46
1061,295,13:37:46
1070,345,13:37:46
987,358,13:37:46
981,383,13:37:46
962,387,13:37:46
1028,361,13:37:46
1046,440,13:37:46
1044,389,13:37:46
1120,376,13:37:46
1070,318,13:37:46
1096,361,13:37:46
1120,370,13:37:46
1088,349,13:37:46
1168,308,13:37:46
1189,180,13:37:46
1207,161,13:37:46
1171,194,13:37:46
1167,193,13:37:46
1210,189,13:37:46
1211,129,13:37:46
1246,143,13:37:46
1211,75,13:37:46
1244,104,13:37:46
1226,94,13:37:46
1212,69,13:37:46
1238,58,13:37:46
1183,107,13:37:46
1089,73,13:37:47
1117,120,13:37:47
1088,92,13:37:47
1102,77,13:37:47
1110,86,13:37:47
1105,79,13:37:47
1098,69,13:37:47
1092,79,13:37:47
1055,84,13:37:47
1087,94,13:37:47
1162,99,13:37:47
1211,29,13:37:47
1213,26,13:37:47
1240,17,13:37:47
1244,46,13:37:47
1221,19,13:37:47
1253,88,13:37:47
1255,42,13:37:47
1217,19,13:37:47
1235,59,13:37:47
1217,63,13:37:47
1266,69,13:37:47
1117,61,13:37:47
990,97,13:37:47
953,114,13:37:47
914,79,13:37:47
988,112,13:37:47
974,139,13:37:47
897,103,13:37:47
914,130,13:37:47
922,120,13:37:48
880,111,13:37:48
893,130,13:37:48
924,145,13:37:48
1002,248,13:37:48
1037,262,13:37:48
1026,257,13:37:48
1006,261,13:37:48
1027,288,13:37:48
1030,288,13:37:48
1015,284,13:37:48
1032,265,13:37:48
1077,312,13:37:48
980,265,13:37:48
1054,304,13:37:48
1000,290,13:37:48
914,254,13:37:48
922,293,13:37:48
944,306,13:37:48
975,347,13:37:48
912,276,13:37:48
939,313,13:37:48
971,282,13:37:48
933,339,13:37:48
504,418,13:37:48
224,674,13:37:48
258,680,13:37:48
174,663,13:37:48
145,622,13:37:48
151,650,13:37:48
169,603,13:37:49
172,575,13:37:49
163,586,13:37:49
145,618,13:37:49
136,634,13:37:49
134,577,13:37:49
140,586,13:37:49
112,612,13:37:49
119,578,13:37:49
119,564,13:37:49
136,574,13:37:49
139,553,13:37:49
208,565,13:37:49
250,572,13:37:49
277,572,13:37:49
294,565,13:37:49
269,549,13:37:49
318,536,13:37:49
347,664,13:37:49
501,741,13:37:49
478,741,13:37:49
437,718,13:37:49
449,704,13:37:49
465,696,13:37:49
477,681,13:37:49
448,681,13:37:49
451,678,13:37:49
419,651,13:37:49
399,675,13:37:49
358,663,13:37:49
338,650,13:37:50
396,658,13:37:50
410,640,13:37:50
406,630,13:37:50
464,633,13:37:50
471,620,13:37:50
450,621,13:37:50
428,640,13:37:50
437,643,13:37:50
474,618,13:37:50
557,609,13:37:50
576,644,13:37:50
571,613,13:37:50
581,586,13:37:50
595,586,13:37:50
579,597,13:37:50
561,634,13:37:50
550,584,13:37:50
564,584,13:37:50
670,571,13:37:50
663,623,13:37:50
739,543,13:37:50
733,592,13:37:50
706,585,13:37:50
717,594,13:37:50
746,580,13:37:50
685,597,13:37:50
693,533,13:37:50
723,585,13:37:50
732,577,13:37:50
711,593,13:37:51
839,595,13:37:51
833,545,13:37:51
851,570,13:37:51
840,603,13:37:51
847,535,13:37:51
876,554,13:37:51
851,564,13:37:51
810,554,13:37:51
847,577,13:37:51
830,546,13:37:51
840,561,13:37:51
802,538,13:37:51
805,574,13:37:51
805,582,13:37:51
825,582,13:37:51
865,581,13:37:51
897,531,13:37:51
875,587,13:37:51
927,577,13:37:51
916,595,13:37:51
909,566,13:37:51
882,579,13:37:51
923,552,13:37:51
895,583,13:37:51
822,572,13:37:51
836,600,13:37:51
803,578,13:37:51
779,576,13:37:51
787,572,13:37:51
775,605,13:37:52
704,629,13:37:52
778,571,13:37:52
781,584,13:37:52
832,632,13:37:52
908,585,13:37:52
918,597,13:37:52
909,595,13:37:52
948,587,13:37:52
965,554,13:37:52
922,594,13:37:52
975,567,13:37:52
946,585,13:37:52
968,587,13:37:52
1025,625,13:37:52
971,572,13:37:52
1012,604,13:37:52
984,595,13:37:52
972,581,13:37:52
1005,586,13:37:52
1015,572,13:37:52
950,578,13:37:52
1029,570,13:37:52
1064,589,13:37:52
1092,572,13:37:52
1076,531,13:37:52
1117,575,13:37:52
1087,546,13:37:52
1081,590,13:37:52
1119,565,13:37:52
1106,569,13:37:52
1096,571,13:37:53
1102,572,13:37:53
1105,584,13:37:53
1073,588,13:37:53
1131,556,13:37:53
1143,582,13:37:53
1102,519,13:37:53
1132,573,13:37:53
1141,517,13:37:53
1156,576,13:37:53
1129,514,13:37:53
1152,561,13:37:53
1134,499,13:37:53
1122,505,13:37:53
1141,496,13:37:53
864,536,13:37:53
355,563,13:37:53
174,501,13:37:53
126,526,13:37:53
146,506,13:37:53
134,514,13:37:53
176,509,13:37:53
128,537,13:37:53
178,522,13:37:53
159,500,13:37:53
151,550,13:37:53
127,548,13:37:53
158,546,13:37:53
132,539,13:37:53
269,532,13:37:53
299,552,13:37:54
318,534,13:37:54
304,511,13:37:54
299,528,13:37:54
301,522,13:37:54
302,543,13:37:54
302,529,13:37:54
299,514,13:37:54
275,535,13:37:54
338,522,13:37:54
499,555,13:37:54
461,521,13:37:54
466,526,13:37:54
488,544,13:37:54
464,540,13:37:54
475,531,13:37:54
469,500,13:37:54
432,538,13:37:54
418,562,13:37:54
514,521,13:37:54
492,598,13:37:54
553,551,13:37:54
523,531,13:37:54
560,533,13:37:54
504,530,13:37:54
559,562,13:37:54
534,565,13:37:54
519,568,13:37:54
633,571,13:37:54
690,552,13:37:54
674,565,13:37:55
670,560,13:37:55
682,560,13:37:55
692,561,13:37:55
677,543,13:37:55
647,581,13:37:55
686,565,13:37:55
623,561,13:37:55
650,556,13:37:55
673,592,13:37:55
684,562,13:37:55
657,551,13:37:55
657,576,13:37:55
617,591,13:37:55
580,581,13:37:55
606,559,13:37:55
624,555,13:37:55
639,546,13:37:55
757,620,13:37:55
781,577,13:37:55
765,561,13:37:55
767,566,13:37:55
741,586,13:37:55
758,612,13:37:55
737,595,13:37:55
774,569,13:37:55
741,570,13:37:55
728,581,13:37:55
763,570,13:37:55
736,602,13:37:55
768,593,13:37:56
794,564,13:37:56
692,579,13:37:56
691,580,13:37:56
699,590,13:37:56
693,581,13:37:56
671,600,13:37:56
678,610,13:37:56
665,573,13:37:56
681,566,13:37:56
765,581,13:37:56
839,604,13:37:56
795,555,13:37:56
834,579,13:37:56
799,559,13:37:56
805,565,13:37:56
866,575,13:37:56
902,606,13:37:56
887,571,13:37:56
923,550,13:37:56
884,575,13:37:56
879,554,13:37:56
879,571,13:37:56
945,566,13:37:56
921,545,13:37:56
945,575,13:37:56
987,544,13:37:56
1017,533,13:37:56
965,608,13:37:56
1006,557,13:37:56
985,518,13:37:57
965,565,13:37:57
920,582,13:37:57
887,562,13:37:57
919,548,13:37:57
940,554,13:37:57
960,582,13:37:57
937,546,13:37:57
1031,570,13:37:57
1035,549,13:37:57
1096,541,13:37:57
1080,589,13:37:57
1089,567,13:37:57
1087,570,13:37:57
1072,522,13:37:57
1078,542,13:37:57
1061,570,13:37:57
1057,563,13:37:57
1008,546,13:37:57
1006,547,13:37:57
990,554,13:37:57
1010,559,13:37:57
1021,529,13:37:57
1102,558,13:37:57
1163,567,13:37:57
1108,524,13:37:57
1147,579,13:37:57
1175,557,13:37:57
955,575,13:37:57
527,586,13:37:57
180,572,13:37:57
146,505,13:37:58
173,513,13:37:58
187,550,13:37:58
198,537,13:37:58
162,562,13:37:58
137,563,13:37:58
138,545,13:37:58
133,540,13:37:58
153,564,13:37:58
145,553,13:37:58
170,517,13:37:58
148,560,13:37:58
318,553,13:37:58
278,554,13:37:58
291,559,13:37:58
287,556,13:37:58
302,587,13:37:58
255,579,13:37:58
255,584,13:37:58
242,576,13:37:58
281,586,13:37:58
235,594,13:37:58
420,603,13:37:58
437,571,13:37:58
448,583,13:37:58
372,563,13:37:58
426,565,13:37:58
456,560,13:37:58
405,615,13:37:58
409,586,13:37:58
372,589,13:37:59
395,568,13:37:59
444,587,13:37:59
428,595,13:37:59
387,632,13:37:59
426,575,13:37:59
476,575,13:37:59
593,606,13:37:59
525,600,13:37:59
543,589,13:37:59
553,620,13:37:59
556,595,13:37:59
519,631,13:37:59
632,574,13:37:59
648,592,13:37:59
536,646,13:37:59
640,608,13:37:59
579,591,13:37:59
595,608,13:37:59
728,631,13:37:59
769,611,13:37:59
765,622,13:37:59
775,622,13:37:59
756,605,13:37:59
802,616,13:37:59
747,615,13:37:59
792,606,13:37:59
841,601,13:37:59
792,628,13:37:59
778,642,13:37:59
855,628,13:38:00
876,626,13:38:00
884,593,13:38:00
857,629,13:38:00
823,621,13:38:00
918,646,13:38:00
957,613,13:38:00
972,602,13:38:00
911,612,13:38:00
930,648,13:38:00
897,607,13:38:00
915,614,13:38:00
952,595,13:38:00
983,597,13:38:00
952,618,13:38:00
961,607,13:38:00
960,591,13:38:00
981,591,13:38:00
1100,580,13:38:00
1061,605,13:38:00
1077,563,13:38:00
1036,602,13:38:00
1078,562,13:38:00
1042,610,13:38:00
1049,613,13:38:00
1006,574,13:38:00
994,603,13:38:00
1027,580,13:38:00
1063,591,13:38:00
1055,577,13:38:00
1123,569,13:38:01
1108,578,13:38:01
1104,573,13:38:01
1102,574,13:38:01
1136,608,13:38:01
1101,579,13:38:01
1128,551,13:38:01
1098,537,13:38:01
1133,592,13:38:01
1106,558,13:38:01
1144,586,13:38:01
1130,581,13:38:01
1134,572,13:38:01
1173,602,13:38:01
1105,606,13:38:01
752,572,13:38:01
342,555,13:38:01
169,558,13:38:01
123,552,13:38:01
187,581,13:38:01
199,563,13:38:01
145,584,13:38:01
174,581,13:38:01
144,583,13:38:01
115,592,13:38:01
185,557,13:38:01
116,613,13:38:01
131,605,13:38:01
115,629,13:38:01
141,602,13:38:01
153,610,13:38:01
124,586,13:38:02
141,634,13:38:02
151,638,13:38:02
169,613,13:38:02
164,595,13:38:02
206,598,13:38:02
171,623,13:38:02
223,624,13:38:02
211,630,13:38:02
246,588,13:38:02
217,576,13:38:02
253,610,13:38:02
280,615,13:38:02
194,628,13:38:02
256,595,13:38:02
307,636,13:38:02
318,661,13:38:02
339,607,13:38:02
307,615,13:38:02
295,598,13:38:02
248,635,13:38:02
292,629,13:38:02
437,635,13:38:02
461,605,13:38:02
406,606,13:38:02
463,609,13:38:02
420,620,13:38:02
405,601,13:38:02
414,598,13:38:02
404,604,13:38:02
391,619,13:38:03
354,630,13:38:03
474,644,13:38:03
523,613,13:38:03
536,581,13:38:03
515,618,13:38:03
543,639,13:38:03
524,637,13:38:03
494,637,13:38:03
528,633,13:38:03
561,628,13:38:03
530,638,13:38:03
551,638,13:38:03
578,605,13:38:03
617,654,13:38:03
517,641,13:38:03
568,656,13:38:03
575,638,13:38:03
540,648,13:38:03
561,630,13:38:03
599,604,13:38:03
557,644,13:38:03
604,652,13:38:03
596,626,13:38:03
581,660,13:38:03
519,641,13:38:03
517,648,13:38:03
513,642,13:38:03
510,589,13:38:03
485,627,13:38:03
517,622,13:38:04
664,655,13:38:04
741,609,13:38:04
683,656,13:38:04
705,658,13:38:04
689,650,13:38:04
708,649,13:38:04
681,655,13:38:04
754,663,13:38:04
756,662,13:38:04
735,670,13:38:04
756,646,13:38:04
770,641,13:38:04
763,640,13:38:04
867,635,13:38:04
863,658,13:38:04
858,639,13:38:04
840,617,13:38:04
812,663,13:38:04
840,633,13:38:04
851,615,13:38:04
821,647,13:38:04
934,653,13:38:04
975,651,13:38:04
958,647,13:38:04
975,648,13:38:04
998,619,13:38:04
914,636,13:38:04
939,646,13:38:04
917,636,13:38:04
1004,640,13:38:05
935,656,13:38:05
980,661,13:38:05
956,636,13:38:05
968,677,13:38:05
1015,606,13:38:05
959,658,13:38:05
1054,642,13:38:05
1044,634,13:38:05
1016,648,13:38:05
1009,649,13:38:05
994,643,13:38:05
1048,614,13:38:05
907,649,13:38:05
522,650,13:38:05
276,625,13:38:05
189,639,13:38:05
171,652,13:38:05
201,590,13:38:05
122,628,13:38:05
152,650,13:38:05
161,641,13:38:05
190,670,13:38:05
143,683,13:38:05
265,638,13:38:05
277,662,13:38:05
240,633,13:38:05
261,650,13:38:05
266,640,13:38:05
281,623,13:38:05
256,643,13:38:06
240,659,13:38:06
294,650,13:38:06
314,662,13:38:06
361,620,13:38:06
325,627,13:38:06
363,633,13:38:06
339,624,13:38:06
352,624,13:38:06
441,636,13:38:06
400,636,13:38:06
387,622,13:38:06
432,626,13:38:06
469,647,13:38:06
517,671,13:38:06
548,621,13:38:06
531,638,13:38:06
526,675,13:38:06
582,649,13:38:06
552,647,13:38:06
575,663,13:38:06
570,659,13:38:06
517,640,13:38:06
481,660,13:38:06
430,665,13:38:06
416,669,13:38:06
427,656,13:38:06
534,669,13:38:06
786,664,13:38:06
776,654,13:38:06
775,632,13:38:07
793,643,13:38:07
813,661,13:38:07
799,670,13:38:07
772,636,13:38:07
793,670,13:38:07
781,646,13:38:07
789,658,13:38:07
808,663,13:38:07
859,631,13:38:07
836,653,13:38:07
858,638,13:38:07
811,674,13:38:07
851,661,13:38:07
915,646,13:38:07
961,658,13:38:07
985,652,13:38:07
962,669,13:38:07
996,663,13:38:07
944,661,13:38:07
998,658,13:38:07
963,654,13:38:07
941,663,13:38:07
920,660,13:38:07
928,671,13:38:07
966,680,13:38:07
1053,666,13:38:07
1082,674,13:38:07
1054,651,13:38:07
1050,654,13:38:07
1056,650,13:38:07
1040,651,13:38:08
1060,680,13:38:08
1080,675,13:38:08
1102,672,13:38:08
1107,646,13:38:08
1107,669,13:38:08
937,634,13:38:08
495,640,13:38:08
264,639,13:38:08
178,650,13:38:08
155,629,13:38:08
159,641,13:38:08
190,641,13:38:08
204,668,13:38:08
158,627,13:38:08
155,662,13:38:08
262,627,13:38:08
263,661,13:38:08
246,672,13:38:08
255,668,13:38:08
246,662,13:38:08
183,662,13:38:08
177,685,13:38:08
133,660,13:38:08
167,650,13:38:08
160,669,13:38:08
167,679,13:38:08
159,644,13:38:08
163,672,13:38:08
383,627,13:38:08
332,681,13:38:09
371,690,13:38:09
324,688,13:38:09
349,679,13:38:09
333,649,13:38:09
344,664,13:38:09
400,688,13:38:09
448,686,13:38:09
412,699,13:38:09
408,688,13:38:09
445,657,13:38:09
388,655,13:38:09
441,672,13:38:09
412,669,13:38:09
436,669,13:38:09
402,683,13:38:09
423,694,13:38:09
371,680,13:38:09
373,694,13:38:09
404,675,13:38:09
405,663,13:38:09
416,674,13:38:09
416,685,13:38:09
441,664,13:38:09
416,665,13:38:09
453,679,13:38:09
423,654,13:38:09
419,672,13:38:09
471,683,13:38:09
556,692,13:38:09
569,677,13:38:10
590,692,13:38:10
542,687,13:38:10
588,664,13:38:10
561,690,13:38:10
535,686,13:38:10
536,676,13:38:10
406,689,13:38:10
436,672,13:38:10
416,693,13:38:10
403,656,13:38:10
422,683,13:38:10
452,690,13:38:10
447,674,13:38:10
487,713,13:38:10
522,710,13:38:10
457,679,13:38:10
521,701,13:38:10
476,688,13:38:10
507,668,13:38:10
566,676,13:38:10
542,650,13:38:10
547,676,13:38:10
546,690,13:38:10
622,692,13:38:10
578,690,13:38:10
576,700,13:38:10
640,685,13:38:10
701,671,13:38:10
645,691,13:38:10
687,694,13:38:11
692,693,13:38:11
651,697,13:38:11
626,684,13:38:11
703,679,13:38:11
625,690,13:38:11
678,690,13:38:11
667,686,13:38:11
655,692,13:38:11
712,668,13:38:11
687,669,13:38:11
763,689,13:38:11
791,683,13:38:11
754,688,13:38:11
752,693,13:38:11
749,691,13:38:11
744,697,13:38:11
837,696,13:38:11
857,673,13:38:11
811,687,13:38:11
813,681,13:38:11
861,701,13:38:11
814,685,13:38:11
785,673,13:38:11
844,679,13:38:11
881,679,13:38:11
886,691,13:38:11
862,707,13:38:11
861,678,13:38:11
896,699,13:38:11
884,702,13:38:12
857,688,13:38:12
844,660,13:38:12
829,686,13:38:12
805,699,13:38:12
788,687,13:38:12
828,682,13:38:12
952,679,13:38:12
949,691,13:38:12
921,676,13:38:12
871,697,13:38:12
921,688,13:38:12
847,714,13:38:12
852,704,13:38:12
850,700,13:38:12
819,705,13:38:12
887,673,13:38:12
912,696,13:38:12
967,691,13:38:12
985,710,13:38:12
1019,668,13:38:12
998,672,13:38:12
966,697,13:38:12
983,685,13:38:12
949,696,13:38:12
965,701,13:38:12
1008,673,13:38:12
979,677,13:38:12
968,678,13:38:12
951,689,13:38:12
964,660,13:38:13
1001,683,13:38:13
975,656,13:38:13
981,694,13:38:13
1018,697,13:38:13
1066,701,13:38:13
1034,644,13:38:13
1067,687,13:38:13
1038,687,13:38:13
1048,664,13:38:13
1023,680,13:38:13
1052,689,13:38:13
1058,667,13:38:13
1022,665,13:38:13
1032,689,13:38:13
1028,671,13:38:13
1035,693,13:38:13
1071,647,13:38:13
1056,688,13:38:13
1068,680,13:38:13
1042,686,13:38:13
1064,679,13:38:13
1046,677,13:38:13
1040,677,13:38:13
1053,652,13:38:13
1002,716,13:38:13
1014,716,13:38:13
1065,671,13:38:13
1006,690,13:38:13
978,669,13:38:13
1043,672,13:38:13
1044,663,13:38:14
1049,667,13:38:14
1103,641,13:38:14
1125,589,13:38:14
988,415,13:38:14
740,65,13:38:14
715,17,13:38:14
723,17,13:38:14
722,26,13:38:14
730,1,13:38:14
734,54,13:38:14
708,17,13:38:14
713,0,13:38:14
648,0,13:38:14
610,0,13:38:14
618,0,13:38:14
652,0,13:38:14
639,0,13:38:14
642,0,13:38:14
646,0,13:38:14
653,0,13:38:14
637,0,13:38:14
675,0,13:38:14
663,0,13:38:14
677,0,13:38:14
675,0,13:38:14
677,0,13:38:14
649,0,13:38:14
653,0,13:38:14
651,0,13:38:14
658,0,13:38:15
667,0,13:38:15
660,0,13:38:15
696,0,13:38:15
679,0,13:38:15
699,0,13:38:15
650,0,13:38:15
700,0,13:38:15
649,0,13:38:15
658,0,13:38:15
679,0,13:38:15
684,0,13:38:15
706,0,13:38:15
676,0,13:38:15
698,0,13:38:15
584,0,13:38:15
630,0,13:38:15
574,0,13:38:15
586,0,13:38:15
588,0,13:38:15
596,0,13:38:15
593,0,13:38:15
575,0,13:38:15
600,0,13:38:15
594,0,13:38:15
593,0,13:38:15
566,0,13:38:15
622,0,13:38:15
596,0,13:38:15
602,0,13:38:15
569,0,13:38:16
557,0,13:38:16
321,46,13:38:16
307,516,13:38:16
366,644,13:38:16
234,619,13:38:16
135,562,13:38:16
126,520,13:38:16
38,542,13:38:16
60,500,13:38:16
90,471,13:38:16
53,476,13:38:16
60,439,13:38:16
37,474,13:38:16
36,446,13:38:16
77,413,13:38:16
35,434,13:38:16
86,361,13:38:16
97,373,13:38:16
46,364,13:38:16
28,379,13:38:16
33,340,13:38:16
35,343,13:38:16
43,309,13:38:16
19,338,13:38:16
41,319,13:38:16
57,302,13:38:16
42,302,13:38:16
77,269,13:38:16
64,275,13:38:16
44,271,13:38:17
19,274,13:38:17
17,273,13:38:17
25,267,13:38:17
35,245,13:38:17
68,249,13:38:17
28,249,13:38:17
75,245,13:38:17
48,241,13:38:17
59,234,13:38:17
32,262,13:38:17
48,262,13:38:17
56,281,13:38:17
9,266,13:38:17
34,283,13:38:17
37,306,13:38:17
18,291,13:38:17
75,233,13:38:17
73,260,13:38:17
114,238,13:38:17
52,297,13:38:17
84,283,13:38:17
57,320,13:38:17
119,284,13:38:17
92,289,13:38:17
58,284,13:38:17
132,214,13:38:17
116,164,13:38:17
122,160,13:38:17
163,158,13:38:17
129,148,13:38:18
139,141,13:38:18
134,161,13:38:18
116,137,13:38:18
110,146,13:38:18
114,104,13:38:18
136,89,13:38:18
104,127,13:38:18
106,150,13:38:18
122,109,13:38:18
167,140,13:38:18
458,118,13:38:18
681,127,13:38:18
713,130,13:38:18
704,118,13:38:18
679,139,13:38:18
666,143,13:38:18
718,207,13:38:18
692,150,13:38:18
684,186,13:38:18
711,168,13:38:18
710,184,13:38:18
680,165,13:38:18
666,149,13:38:18
699,144,13:38:18
696,157,13:38:18
673,143,13:38:18
729,147,13:38:18
704,157,13:38:18
703,137,13:38:18
668,134,13:38:19
708,140,13:38:19
705,129,13:38:19
715,184,13:38:19
669,142,13:38:19
724,152,13:38:19
707,141,13:38:19
692,143,13:38:19
686,142,13:38:19
703,154,13:38:19
731,157,13:38:19
767,167,13:38:19
765,178,13:38:19
729,153,13:38:19
760,173,13:38:19
747,172,13:38:19
750,189,13:38:19
773,168,13:38:19
749,175,13:38:19
749,164,13:38:19
737,123,13:38:19
736,144,13:38:19
754,175,13:38:19
743,172,13:38:19
755,160,13:38:19
747,172,13:38:19
755,150,13:38:19
772,173,13:38:19
711,197,13:38:19
723,166,13:38:19
757,185,13:38:19
728,177,13:38:20
707,139,13:38:20
752,173,13:38:20
761,206,13:38:20
741,190,13:38:20
740,182,13:38:20
739,148,13:38:20
732,170,13:38:20
787,221,13:38:20
705,141,13:38:20
737,173,13:38:20
759,196,13:38:20
734,142,13:38:20
733,162,13:38:20
708,155,13:38:20
728,197,13:38:20
706,164,13:38:20
746,182,13:38:20
717,188,13:38:20
721,163,13:38:20
743,197,13:38:20
722,189,13:38:20
736,182,13:38:20
769,206,13:38:20
793,195,13:38:20
751,145,13:38:20
738,180,13:38:20
740,161,13:38:20
746,159,13:38:20
751,207,13:38:20
728,180,13:38:21
749,194,13:38:21
714,190,13:38:21
734,220,13:38:21
751,201,13:38:21
759,200,13:38:21
771,245,13:38:21
754,177,13:38:21
764,189,13:38:21
734,189,13:38:21
732,197,13:38:21
717,170,13:38:21
774,196,13:38:21
718,165,13:38:21
781,202,13:38:21
734,192,13:38:21
754,199,13:38:21
731,170,13:38:21
742,160,13:38:21
736,189,13:38:21
761,225,13:38:21
758,183,13:38:21
761,216,13:38:21
739,160,13:38:21
497,195,13:38:21
146,201,13:38:21
87,204,13:38:21
108,181,13:38:21
93,224,13:38:21
89,204,13:38:21
63,244,13:38:22
68,222,13:38:22
0,311,13:38:22
13,271,13:38:22
0,295,13:38:22
0,282,13:38:22
21,263,13:38:22
0,312,13:38:22
0,287,13:38:22
14,276,13:38:22
0,302,13:38:22
0,316,13:38:22
0,269,13:38:22
0,266,13:38:22
29,270,13:38:22
31,291,13:38:22
0,280,13:38:22
0,254,13:38:22
0,293,13:38:22
32,243,13:38:22
0,313,13:38:22
0,267,13:38:22
22,265,13:38:22
7,279,13:38:22
14,269,13:38:22
1,262,13:38:22
0,282,13:38:22
10,269,13:38:22
21,257,13:38:22
6,312,13:38:22
16,278,13:38:23
0,258,13:38:23
0,295,13:38:23
48,243,13:38:23
7,285,13:38:23
33,257,13:38:23
0,252,13:38:23
0,299,13:38:23
54,275,13:38:23
25,261,13:38:23
2,283,13:38:23
0,303,13:38:23
0,268,13:38:23
0,291,13:38:23
23,284,13:38:23
75,311,13:38:23
60,318,13:38:23
43,345,13:38:23
71,329,13:38:23
74,319,13:38:23
61,292,13:38:23
64,297,13:38:23
67,288,13:38:23
84,300,13:38:23
79,305,13:38:23
106,311,13:38:23
80,327,13:38:23
107,245,13:38:23
123,166,13:38:23
52,204,13:38:23
83,211,13:38:24
75,214,13:38:24
6,300,13:38:24
17,359,13:38:24
0,337,13:38:24
0,304,13:38:24
19,323,13:38:24
15,284,13:38:24
138,134,13:38:24
176,81,13:38:24
144,99,13:38:24
160,95,13:38:24
144,111,13:38:24
169,103,13:38:24
141,99,13:38:24
182,119,13:38:24
587,142,13:38:24
793,235,13:38:24
742,220,13:38:24
776,245,13:38:24
751,184,13:38:24
793,218,13:38:24
790,207,13:38:24
772,198,13:38:24
753,211,13:38:24
802,251,13:38:24
795,224,13:38:24
791,253,13:38:24
780,252,13:38:24
770,247,13:38:24
784,207,13:38:24
815,274,13:38:25
792,237,13:38:25
805,225,13:38:25
695,229,13:38:25
370,144,13:38:25
237,102,13:38:25
193,92,13:38:25
208,84,13:38:25
201,100,13:38:25
56,148,13:38:25
34,132,13:38:25
94,133,13:38:25
106,110,13:38:25
53,146,13:38:25
66,143,13:38:25
64,120,13:38:25
60,124,13:38:25
82,112,13:38:25
64,88,13:38:25
39,94,13:38:25
17,95,13:38:25
60,109,13:38:25
34,124,13:38:25
38,125,13:38:25
78,81,13:38:25
50,118,13:38:25
84,111,13:38:25
189,40,13:38:25
202,38,13:38:25
178,40,13:38:25
195,61,13:38:26
203,35,13:38:26
152,59,13:38:26
166,37,13:38:26
165,62,13:38:26
151,72,13:38:26
187,64,13:38:26
142,75,13:38:26
162,54,13:38:26
149,62,13:38:26
144,86,13:38:26
195,60,13:38:26
115,102,13:38:26
84,149,13:38:26
69,113,13:38:26
95,143,13:38:26
73,140,13:38:26
84,138,13:38:26
94,132,13:38:26
90,134,13:38:26
78,140,13:38:26
52,133,13:38:26
81,113,13:38:26
90,122,13:38:26
88,123,13:38:26
83,137,13:38:26
90,133,13:38:26
62,113,13:38:26
48,160,13:38:26
69,130,13:38:26
73,144,13:38:27
97,146,13:38:27
61,172,13:38:27
116,146,13:38:27
104,139,13:38:27
75,150,13:38:27
97,143,13:38:27
80,136,13:38:27
93,134,13:38:27
114,149,13:38:27
77,159,13:38:27
35,258,13:38:27
57,254,13:38:27
38,241,13:38:27
87,229,13:38:27
43,233,13:38:27
85,198,13:38:27
43,243,13:38:27
136,170,13:38:27
145,178,13:38:27
154,167,13:38:27
153,200,13:38:27
429,306,13:38:27
692,664,13:38:27
694,739,13:38:27
773,708,13:38:27
880,700,13:38:27
888,701,13:38:27
905,645,13:38:27
960,673,13:38:27
979,648,13:38:28
970,656,13:38:28
979,649,13:38:28
707,561,13:38:28
492,486,13:38:28
514,457,13:38:28
501,441,13:38:28
468,452,13:38:28
529,463,13:38:28
313,330,13:38:28
198,313,13:38:28
162,353,13:38:28
193,289,13:38:28
171,288,13:38:28
193,280,13:38:28
148,305,13:38:28
197,255,13:38:28
101,316,13:38:28
58,336,13:38:28
73,318,13:38:28
40,339,13:38:28
37,372,13:38:28
31,331,13:38:28
54,353,13:38:28
87,288,13:38:28
158,217,13:38:28
161,204,13:38:28
142,207,13:38:28
163,189,13:38:28
205,199,13:38:28
170,222,13:38:29
120,235,13:38:29
123,213,13:38:29
69,258,13:38:29
56,236,13:38:29
46,235,13:38:29
42,256,13:38:29
33,246,13:38:29
40,225,13:38:29
52,235,13:38:29
47,231,13:38:29
44,238,13:38:29
49,224,13:38:29
169,180,13:38:29
132,177,13:38:29
126,194,13:38:29
167,179,13:38:29
152,172,13:38:29
152,166,13:38:29
166,194,13:38:29
160,177,13:38:29
150,178,13:38:29
148,189,13:38:29
125,203,13:38:29
162,177,13:38:29
150,204,13:38:29
116,222,13:38:29
132,220,13:38:29
126,192,13:38:29
143,206,13:38:29
125,211,13:38:29
