821,185,09:26:42
827,198,09:26:42
837,194,09:26:42
845,144,09:26:42
814,165,09:26:42
780,180,09:26:42
755,155,09:26:42
841,120,09:26:42
789,122,09:26:42
687,110,09:26:42
748,123,09:26:42
746,150,09:26:43
755,48,09:26:43
740,82,09:26:43
772,96,09:26:43
775,74,09:26:43
793,3,09:26:43
761,69,09:26:43
768,52,09:26:43
799,79,09:26:43
770,177,09:26:43
768,88,09:26:43
769,45,09:26:43
704,111,09:26:43
624,200,09:26:43
656,133,09:26:43
644,160,09:26:43
639,155,09:26:43
651,207,09:26:43
619,237,09:26:43
796,0,09:26:43
925,0,09:26:43
876,0,09:26:43
890,0,09:26:43
915,0,09:26:43
1002,0,09:26:43
1070,0,09:26:43
1096,0,09:26:43
1120,0,09:26:43
1104,0,09:26:43
1084,0,09:26:43
1106,0,09:26:44
1081,0,09:26:44
1129,0,09:26:44
1137,0,09:26:44
1158,0,09:26:44
1159,0,09:26:44
1183,0,09:26:44
1163,0,09:26:44
1122,0,09:26:44
1169,0,09:26:44
1157,0,09:26:44
1133,0,09:26:44
1131,0,09:26:44
1098,0,09:26:44
1166,0,09:26:44
1112,0,09:26:44
1189,0,09:26:44
1154,0,09:26:44
1118,0,09:26:44
1123,0,09:26:44
1185,0,09:26:44
1111,0,09:26:44
1146,0,09:26:44
1162,0,09:26:44
1149,0,09:26:44
1165,0,09:26:44
1202,0,09:26:44
1197,0,09:26:44
1156,0,09:26:44
1111,0,09:26:44
1158,0,09:26:45
1162,0,09:26:45
1140,0,09:26:45
1095,0,09:26:45
1137,0,09:26:45
1155,0,09:26:45
1023,21,09:26:45
770,398,09:26:45
729,513,09:26:45
662,549,09:26:45
847,354,09:26:45
1039,184,09:26:45
1127,69,09:26:45
1164,0,09:26:45
1157,0,09:26:45
1188,0,09:26:45
1166,0,09:26:45
1111,0,09:26:45
1166,0,09:26:45
1160,0,09:26:45
1124,0,09:26:45
1069,0,09:26:45
1167,0,09:26:45
1112,0,09:26:45
1111,0,09:26:45
1165,0,09:26:45
1212,0,09:26:45
1078,0,09:26:45
984,29,09:26:45
901,251,09:26:45
724,346,09:26:46
721,304,09:26:46
731,358,09:26:46
619,91,09:26:46
671,0,09:26:46
632,0,09:26:46
672,0,09:26:46
609,0,09:26:46
612,0,09:26:46
602,0,09:26:46
640,0,09:26:46
615,0,09:26:46
608,0,09:26:46
595,0,09:26:46
638,0,09:26:46
562,0,09:26:46
480,0,09:26:46
414,0,09:26:46
363,70,09:26:46
359,150,09:26:46
441,120,09:26:46
377,17,09:26:46
360,0,09:26:46
399,0,09:26:46
372,24,09:26:46
318,0,09:26:46
310,0,09:26:46
387,0,09:26:46
362,0,09:26:46
349,0,09:26:46
325,0,09:26:46
352,0,09:26:47
373,0,09:26:47
496,0,09:26:47
496,0,09:26:47
440,0,09:26:47
477,0,09:26:47
481,0,09:26:47
471,8,09:26:47
456,0,09:26:47
448,0,09:26:47
614,0,09:26:47
595,0,09:26:47
605,0,09:26:47
618,0,09:26:47
578,0,09:26:47
557,0,09:26:47
654,0,09:26:47
670,0,09:26:47
681,0,09:26:47
661,0,09:26:47
659,0,09:26:47
627,0,09:26:47
481,0,09:26:47
518,0,09:26:47
514,0,09:26:47
525,0,09:26:47
495,0,09:26:47
490,0,09:26:47
503,0,09:26:47
488,0,09:26:47
518,0,09:26:48
508,0,09:26:48
669,0,09:26:48
759,0,09:26:48
752,0,09:26:48
739,0,09:26:48
752,0,09:26:48
785,0,09:26:48
765,0,09:26:48
738,0,09:26:48
822,0,09:26:48
911,0,09:26:48
840,0,09:26:48
882,16,09:26:48
854,0,09:26:48
802,0,09:26:48
846,0,09:26:48
843,7,09:26:48
857,0,09:26:48
814,0,09:26:48
834,0,09:26:48
870,0,09:26:48
844,0,09:26:48
972,0,09:26:48
1037,0,09:26:48
997,0,09:26:48
1017,0,09:26:48
1017,25,09:26:48
1004,54,09:26:48
952,0,09:26:48
988,0,09:26:49
999,13,09:26:49
981,3,09:26:49
933,0,09:26:49
985,0,09:26:49
986,0,09:26:49
1026,1,09:26:49
985,26,09:26:49
955,0,09:26:49
974,0,09:26:49
938,24,09:26:49
961,0,09:26:49
955,0,09:26:49
1005,13,09:26:49
1092,49,09:26:49
1133,53,09:26:49
1044,24,09:26:49
1110,56,09:26:49
1094,0,09:26:49
1163,81,09:26:49
1088,2,09:26:49
1112,94,09:26:49
1042,24,09:26:49
1101,16,09:26:49
1148,97,09:26:49
1110,35,09:26:49
1102,76,09:26:49
1129,77,09:26:49
1097,24,09:26:49
1124,86,09:26:49
1239,84,09:26:50
1215,73,09:26:50
1214,82,09:26:50
1203,29,09:26:50
1206,109,09:26:50
1190,54,09:26:50
1205,65,09:26:50
1178,75,09:26:50
1195,36,09:26:50
1209,40,09:26:50
1198,85,09:26:50
1186,23,09:26:50
1211,80,09:26:50
1106,17,09:26:50
1189,42,09:26:50
1200,41,09:26:50
1136,37,09:26:50
1122,28,09:26:50
1196,55,09:26:50
1152,46,09:26:50
1154,33,09:26:50
1134,75,09:26:50
1161,69,09:26:50
1247,56,09:26:50
1205,53,09:26:50
1206,30,09:26:50
1243,59,09:26:50
1233,63,09:26:50
1247,128,09:26:50
1184,27,09:26:50
1153,38,09:26:51
1179,91,09:26:51
1187,75,09:26:51
1188,45,09:26:51
1164,84,09:26:51
1199,81,09:26:51
1251,70,09:26:51
1238,70,09:26:51
1276,100,09:26:51
1247,59,09:26:51
1227,78,09:26:51
1243,93,09:26:51
918,0,09:26:51
557,0,09:26:51
307,0,09:26:51
298,0,09:26:51
279,0,09:26:51
296,0,09:26:51
279,0,09:26:51
296,0,09:26:51
351,0,09:26:51
295,0,09:26:51
312,0,09:26:51
353,0,09:26:51
551,239,09:26:51
621,475,09:26:51
581,526,09:26:51
612,347,09:26:51
598,212,09:26:51
606,157,09:26:51
545,218,09:26:52
543,189,09:26:52
548,220,09:26:52
538,219,09:26:52
512,204,09:26:52
434,213,09:26:52
440,207,09:26:52
448,153,09:26:52
444,87,09:26:52
521,97,09:26:52
470,101,09:26:52
584,82,09:26:52
597,61,09:26:52
597,71,09:26:52
588,68,09:26:52
604,45,09:26:52
561,0,09:26:52
638,84,09:26:52
657,6,09:26:52
675,20,09:26:52
685,40,09:26:52
659,0,09:26:52
671,8,09:26:52
735,70,09:26:52
774,14,09:26:52
745,3,09:26:52
736,0,09:26:52
715,0,09:26:52
750,0,09:26:52
796,18,09:26:52
831,24,09:26:52
808,0,09:26:53
849,69,09:26:53
820,36,09:26:53
808,75,09:26:53
781,33,09:26:53
802,56,09:26:53
816,23,09:26:53
752,81,09:26:53
817,19,09:26:53
762,1,09:26:53
782,68,09:26:53
790,66,09:26:53
756,92,09:26:53
707,40,09:26:53
618,40,09:26:53
662,43,09:26:53
641,0,09:26:53
643,0,09:26:53
712,22,09:26:53
711,70,09:26:53
686,39,09:26:53
630,31,09:26:53
623,19,09:26:53
716,30,09:26:53
795,47,09:26:53
801,89,09:26:53
762,68,09:26:53
771,71,09:26:53
809,26,09:26:53
822,21,09:26:53
869,31,09:26:54
855,38,09:26:54
922,50,09:26:54
874,48,09:26:54
821,0,09:26:54
872,0,09:26:54
901,50,09:26:54
905,65,09:26:54
902,10,09:26:54
928,57,09:26:54
941,53,09:26:54
906,14,09:26:54
932,51,09:26:54
931,0,09:26:54
1004,106,09:26:54
1004,121,09:26:54
983,78,09:26:54
1024,138,09:26:54
990,54,09:26:54
1033,73,09:26:54
970,106,09:26:54
1065,107,09:26:54
1066,126,09:26:54
1114,169,09:26:54
1056,112,09:26:54
1085,143,09:26:54
1056,118,09:26:54
1071,128,09:26:54
1091,134,09:26:54
1120,152,09:26:54
1178,191,09:26:55
1169,130,09:26:55
1115,132,09:26:55
1213,154,09:26:55
1141,119,09:26:55
1179,185,09:26:55
1162,173,09:26:55
1163,144,09:26:55
1212,193,09:26:55
1181,155,09:26:55
1227,145,09:26:55
1161,193,09:26:55
1227,129,09:26:55
1145,128,09:26:55
1257,172,09:26:55
1188,100,09:26:55
1216,202,09:26:55
1256,149,09:26:55
1169,205,09:26:55
685,339,09:26:55
602,417,09:26:55
584,424,09:26:55
743,282,09:26:55
869,176,09:26:55
986,171,09:26:55
1048,209,09:26:55
1074,233,09:26:55
1130,268,09:26:55
1149,225,09:26:55
1191,235,09:26:55
1182,243,09:26:56
1194,264,09:26:56
1190,144,09:26:56
1198,211,09:26:56
1227,171,09:26:56
1214,210,09:26:56
1224,161,09:26:56
1204,179,09:26:56
1247,168,09:26:56
1183,139,09:26:56
1216,168,09:26:56
1242,210,09:26:56
1263,199,09:26:56
979,165,09:26:56
658,39,09:26:56
367,48,09:26:56
314,51,09:26:56
285,35,09:26:56
351,40,09:26:56
339,15,09:26:56
256,63,09:26:56
438,60,09:26:56
409,16,09:26:56
458,47,09:26:56
437,57,09:26:56
433,57,09:26:56
425,103,09:26:56
452,88,09:26:56
498,39,09:26:56
623,123,09:26:56
651,83,09:26:57
643,79,09:26:57
676,38,09:26:57
692,90,09:26:57
636,92,09:26:57
689,83,09:26:57
712,87,09:26:57
691,130,09:26:57
651,155,09:26:57
621,123,09:26:57
567,91,09:26:57
592,87,09:26:57
573,115,09:26:57
574,83,09:26:57
581,72,09:26:57
630,78,09:26:57
553,116,09:26:57
535,86,09:26:57
665,116,09:26:57
574,122,09:26:57
608,120,09:26:57
639,68,09:26:57
642,152,09:26:57
607,162,09:26:57
592,151,09:26:57
641,99,09:26:57
659,138,09:26:57
602,157,09:26:57
599,131,09:26:57
619,120,09:26:57
755,120,09:26:58
723,89,09:26:58
765,171,09:26:58
712,87,09:26:58
706,93,09:26:58
683,189,09:26:58
757,63,09:26:58
791,152,09:26:58
790,125,09:26:58
801,121,09:26:58
809,170,09:26:58
787,124,09:26:58
652,113,09:26:58
658,163,09:26:58
663,114,09:26:58
629,101,09:26:58
634,114,09:26:58
639,52,09:26:58
672,249,09:26:58
590,486,09:26:58
611,468,09:26:58
628,409,09:26:58
632,232,09:26:58
667,190,09:26:58
693,177,09:26:58
632,109,09:26:58
727,159,09:26:58
717,147,09:26:58
681,174,09:26:58
731,189,09:26:58
799,180,09:26:59
761,130,09:26:59
814,185,09:26:59
785,183,09:26:59
826,163,09:26:59
835,158,09:26:59
850,187,09:26:59
829,150,09:26:59
931,168,09:26:59
899,198,09:26:59
896,141,09:26:59
857,204,09:26:59
862,202,09:26:59
903,207,09:26:59
871,192,09:26:59
897,192,09:26:59
969,204,09:26:59
1020,197,09:26:59
989,246,09:26:59
969,212,09:26:59
1023,197,09:26:59
967,200,09:26:59
989,201,09:26:59
1002,213,09:26:59
940,146,09:26:59
935,191,09:26:59
919,175,09:26:59
909,161,09:26:59
876,188,09:26:59
939,211,09:26:59
959,174,09:26:59
994,150,09:27:00
984,215,09:27:00
981,186,09:27:00
1003,204,09:27:00
983,177,09:27:00
996,205,09:27:00
968,152,09:27:00
1001,151,09:27:00
1006,133,09:27:00
1057,223,09:27:00
1039,185,09:27:00
1063,173,09:27:00
1067,184,09:27:00
1048,187,09:27:00
1028,202,09:27:00
1044,149,09:27:00
1031,120,09:27:00
1110,147,09:27:00
1170,223,09:27:00
1138,176,09:27:00
1109,184,09:27:00
1185,217,09:27:00
1123,231,09:27:00
1101,182,09:27:00
1109,171,09:27:00
1121,279,09:27:00
983,286,09:27:00
1002,396,09:27:00
989,454,09:27:00
961,435,09:27:00
988,488,09:27:01
1004,473,09:27:01
1009,454,09:27:01
931,367,09:27:01
907,370,09:27:01
955,396,09:27:01
980,443,09:27:01
1003,451,09:27:01
954,419,09:27:01
928,444,09:27:01
950,405,09:27:01
945,367,09:27:01
964,450,09:27:01
947,380,09:27:01
900,401,09:27:01
959,287,09:27:01
962,134,09:27:01
993,130,09:27:01
992,106,09:27:01
984,77,09:27:01
974,112,09:27:01
993,146,09:27:01
1003,135,09:27:01
991,68,09:27:01
960,86,09:27:01
996,63,09:27:01
1037,20,09:27:01
1019,56,09:27:01
1022,58,09:27:01
1069,76,09:27:01
997,60,09:27:02
1038,37,09:27:02
1059,0,09:27:02
1019,20,09:27:02
1014,118,09:27:02
1040,43,09:27:02
1064,34,09:27:02
1031,57,09:27:02
1030,60,09:27:02
1044,108,09:27:02
1028,38,09:27:02
1038,90,09:27:02
1030,64,09:27:02
965,49,09:27:02
1083,86,09:27:02
1028,61,09:27:02
1060,53,09:27:02
1063,64,09:27:02
1028,30,09:27:02
997,28,09:27:02
1068,63,09:27:02
1037,49,09:27:02
1058,57,09:27:02
1025,48,09:27:02
1009,25,09:27:02
1000,23,09:27:02
1035,16,09:27:02
1056,27,09:27:02
1031,70,09:27:02
1009,54,09:27:02
1064,35,09:27:03
1050,42,09:27:03
1086,27,09:27:03
1058,0,09:27:03
1048,68,09:27:03
1023,20,09:27:03
1059,47,09:27:03
1044,14,09:27:03
1102,102,09:27:03
1036,20,09:27:03
1094,9,09:27:03
1031,70,09:27:03
983,110,09:27:03
991,67,09:27:03
972,54,09:27:03
982,69,09:27:03
960,8,09:27:03
940,72,09:27:03
978,126,09:27:03
998,74,09:27:03
991,39,09:27:03
966,35,09:27:03
997,118,09:27:03
940,9,09:27:03
1001,75,09:27:03
961,44,09:27:03
1015,60,09:27:03
1063,120,09:27:03
1003,119,09:27:03
1031,78,09:27:03
1011,64,09:27:04
1059,132,09:27:04
1006,16,09:27:04
1127,137,09:27:04
1164,117,09:27:04
1139,171,09:27:04
1179,171,09:27:04
1125,144,09:27:04
1120,164,09:27:04
1091,117,09:27:04
1099,149,09:27:04
1060,78,09:27:04
1075,102,09:27:04
1106,132,09:27:04
1088,156,09:27:04
1112,96,09:27:04
1099,96,09:27:04
1173,164,09:27:04
1147,122,09:27:04
1108,112,09:27:04
1149,133,09:27:04
1141,131,09:27:04
1111,154,09:27:04
988,34,09:27:04
686,133,09:27:04
523,82,09:27:04
484,96,09:27:04
462,119,09:27:04
527,67,09:27:04
394,79,09:27:04
337,138,09:27:04
377,138,09:27:05
405,86,09:27:05
397,126,09:27:05
388,60,09:27:05
360,136,09:27:05
370,120,09:27:05
436,99,09:27:05
433,66,09:27:05
434,56,09:27:05
410,96,09:27:05
471,122,09:27:05
425,142,09:27:05
440,125,09:27:05
394,72,09:27:05
410,81,09:27:05
455,86,09:27:05
394,68,09:27:05
401,39,09:27:05
358,80,09:27:05
411,116,09:27:05
421,3,09:27:05
416,91,09:27:05
398,61,09:27:05
478,60,09:27:05
429,127,09:27:05
425,39,09:27:05
401,59,09:27:05
407,81,09:27:05
504,66,09:27:05
392,66,09:27:05
405,96,09:27:06
456,87,09:27:06
472,56,09:27:06
471,102,09:27:06
454,81,09:27:06
436,66,09:27:06
443,103,09:27:06
435,93,09:27:06
477,83,09:27:06
475,41,09:27:06
417,56,09:27:06
476,117,09:27:06
408,108,09:27:06
401,80,09:27:06
370,58,09:27:06
377,80,09:27:06
405,105,09:27:06
378,127,09:27:06
388,102,09:27:06
391,80,09:27:06
360,168,09:27:06
391,131,09:27:06
373,103,09:27:06
382,141,09:27:06
439,108,09:27:06
394,58,09:27:06
398,72,09:27:06
450,126,09:27:06
455,124,09:27:06
448,117,09:27:06
464,189,09:27:07
526,184,09:27:07
418,180,09:27:07
466,194,09:27:07
493,156,09:27:07
443,211,09:27:07
415,163,09:27:07
439,203,09:27:07
453,161,09:27:07
410,168,09:27:07
455,186,09:27:07
495,157,09:27:07
386,189,09:27:07
437,132,09:27:07
421,211,09:27:07
449,202,09:27:07
440,161,09:27:07
361,133,09:27:07
470,180,09:27:07
464,206,09:27:07
377,165,09:27:07
454,144,09:27:07
479,133,09:27:07
363,167,09:27:07
471,163,09:27:07
450,195,09:27:07
439,198,09:27:07
468,209,09:27:07
401,211,09:27:07
426,222,09:27:07
427,177,09:27:08
441,218,09:27:08
457,211,09:27:08
457,177,09:27:08
447,183,09:27:08
443,148,09:27:08
407,183,09:27:08
437,205,09:27:08
469,209,09:27:08
437,237,09:27:08
466,208,09:27:08
497,190,09:27:08
443,196,09:27:08
510,170,09:27:08
514,141,09:27:08
539,205,09:27:08
439,171,09:27:08
426,119,09:27:08
464,168,09:27:08
503,84,09:27:08
485,177,09:27:08
504,149,09:27:08
506,135,09:27:08
476,156,09:27:08
491,157,09:27:08
411,130,09:27:08
426,193,09:27:08
454,184,09:27:08
416,154,09:27:08
438,162,09:27:08
449,184,09:27:09
398,179,09:27:09
452,173,09:27:09
453,185,09:27:09
436,195,09:27:09
432,170,09:27:09
416,190,09:27:09
469,193,09:27:09
446,156,09:27:09
477,140,09:27:09
458,197,09:27:09
442,168,09:27:09
412,130,09:27:09
430,128,09:27:09
427,165,09:27:09
420,179,09:27:09
450,160,09:27:09
456,196,09:27:09
473,147,09:27:09
468,133,09:27:09
490,120,09:27:09
545,210,09:27:09
549,255,09:27:09
496,208,09:27:09
514,240,09:27:09
499,215,09:27:09
569,198,09:27:09
512,210,09:27:09
472,201,09:27:09
478,168,09:27:09
488,139,09:27:09
471,232,09:27:10
464,174,09:27:10
525,188,09:27:10
570,155,09:27:10
615,116,09:27:10
570,124,09:27:10
656,145,09:27:10
634,152,09:27:10
606,149,09:27:10
564,185,09:27:10
619,157,09:27:10
662,161,09:27:10
689,228,09:27:10
659,263,09:27:10
624,264,09:27:10
618,213,09:27:10
613,287,09:27:10
605,273,09:27:10
451,205,09:27:10
403,280,09:27:10
396,248,09:27:10
392,251,09:27:10
390,284,09:27:10
365,250,09:27:10
438,232,09:27:10
385,301,09:27:10
415,244,09:27:10
400,290,09:27:10
436,249,09:27:10
435,289,09:27:10
449,259,09:27:11
408,219,09:27:11
487,257,09:27:11
490,258,09:27:11
462,255,09:27:11
480,286,09:27:11
489,250,09:27:11
559,267,09:27:11
429,244,09:27:11
467,275,09:27:11
482,234,09:27:11
470,258,09:27:11
501,230,09:27:11
578,276,09:27:11
624,273,09:27:11
579,262,09:27:11
578,262,09:27:11
581,282,09:27:11
621,308,09:27:11
568,231,09:27:11
518,278,09:27:11
527,285,09:27:11
502,282,09:27:11
524,256,09:27:11
514,285,09:27:11
500,323,09:27:11
448,236,09:27:11
482,301,09:27:11
455,273,09:27:11
518,272,09:27:11
446,271,09:27:12
482,257,09:27:12
491,280,09:27:12
464,246,09:27:12
415,284,09:27:12
480,271,09:27:12
427,215,09:27:12
458,187,09:27:12
396,259,09:27:12
430,186,09:27:12
392,216,09:27:12
445,223,09:27:12
380,216,09:27:12
437,228,09:27:12
376,228,09:27:12
440,255,09:27:12
452,218,09:27:12
455,216,09:27:12
462,247,09:27:12
397,205,09:27:12
387,211,09:27:12
370,215,09:27:12
407,229,09:27:12
436,201,09:27:12
407,182,09:27:12
375,205,09:27:12
404,214,09:27:12
429,128,09:27:12
360,159,09:27:12
380,226,09:27:12
361,199,09:27:13
405,182,09:27:13
357,239,09:27:13
399,245,09:27:13
424,145,09:27:13
377,274,09:27:13
382,176,09:27:13
417,225,09:27:13
356,177,09:27:13
419,183,09:27:13
407,202,09:27:13
451,206,09:27:13
429,184,09:27:13
409,201,09:27:13
393,204,09:27:13
444,189,09:27:13
388,220,09:27:13
361,193,09:27:13
393,192,09:27:13
400,209,09:27:13
395,218,09:27:13
427,163,09:27:13
433,185,09:27:13
409,127,09:27:13
403,182,09:27:13
390,177,09:27:13
424,225,09:27:13
435,192,09:27:13
454,171,09:27:13
437,217,09:27:13
469,164,09:27:14
411,193,09:27:14
464,233,09:27:14
471,206,09:27:14
451,231,09:27:14
429,205,09:27:14
483,175,09:27:14
474,223,09:27:14
526,189,09:27:14
479,169,09:27:14
422,232,09:27:14
423,182,09:27:14
442,216,09:27:14
462,214,09:27:14
409,226,09:27:14
429,208,09:27:14
432,189,09:27:14
426,208,09:27:14
443,198,09:27:14
457,163,09:27:14
485,246,09:27:14
485,182,09:27:14
475,165,09:27:14
447,204,09:27:14
481,171,09:27:14
452,197,09:27:14
488,183,09:27:14
463,181,09:27:14
446,193,09:27:14
451,127,09:27:14
509,205,09:27:15
490,210,09:27:15
490,219,09:27:15
484,205,09:27:15
499,218,09:27:15
481,178,09:27:15
493,243,09:27:15
517,245,09:27:15
477,230,09:27:15
408,191,09:27:15
374,216,09:27:15
424,206,09:27:15
465,199,09:27:15
415,233,09:27:15
385,229,09:27:15
432,220,09:27:15
450,210,09:27:15
451,248,09:27:15
466,245,09:27:15
446,234,09:27:15
484,203,09:27:15
471,228,09:27:15
468,177,09:27:15
467,196,09:27:15
461,218,09:27:15
432,188,09:27:15
456,247,09:27:15
431,251,09:27:15
392,203,09:27:15
544,209,09:27:15
424,218,09:27:15
404,231,09:27:16
457,273,09:27:16
416,227,09:27:16
376,229,09:27:16
394,250,09:27:16
384,241,09:27:16
413,246,09:27:16
417,225,09:27:16
398,231,09:27:16
377,245,09:27:16
371,265,09:27:16
378,271,09:27:16
366,243,09:27:16
378,208,09:27:16
391,254,09:27:16
391,269,09:27:16
385,222,09:27:16
431,191,09:27:16
327,235,09:27:16
339,218,09:27:16
330,214,09:27:16
396,188,09:27:16
412,200,09:27:16
358,187,09:27:16
509,318,09:27:16
661,460,09:27:16
587,419,09:27:16
600,430,09:27:16
615,430,09:27:16
585,469,09:27:16
574,441,09:27:17
592,431,09:27:17
561,446,09:27:17
545,427,09:27:17
570,423,09:27:17
583,463,09:27:17
714,395,09:27:17
714,427,09:27:17
718,463,09:27:17
663,506,09:27:17
556,633,09:27:17
582,634,09:27:17
696,492,09:27:17
660,440,09:27:17
698,416,09:27:17
668,405,09:27:17
680,418,09:27:17
716,422,09:27:17
704,382,09:27:17
683,368,09:27:17
634,333,09:27:17
635,320,09:27:17
606,318,09:27:17
603,347,09:27:17
591,352,09:27:17
514,355,09:27:17
525,336,09:27:17
553,376,09:27:17
527,387,09:27:17
491,361,09:27:17
497,415,09:27:18
480,417,09:27:18
541,394,09:27:18
500,454,09:27:18
492,449,09:27:18
486,440,09:27:18
518,375,09:27:18
486,402,09:27:18
525,414,09:27:18
566,387,09:27:18
539,377,09:27:18
549,428,09:27:18
582,435,09:27:18
555,412,09:27:18
578,404,09:27:18
603,408,09:27:18
652,412,09:27:18
638,377,09:27:18
629,393,09:27:18
638,399,09:27:18
659,422,09:27:18
666,402,09:27:18
682,407,09:27:18
707,398,09:27:18
687,366,09:27:18
675,449,09:27:18
668,419,09:27:18
775,422,09:27:18
772,396,09:27:18
782,393,09:27:18
776,388,09:27:19
775,405,09:27:19
778,335,09:27:19
776,375,09:27:19
807,385,09:27:19
809,377,09:27:19
826,360,09:27:19
879,319,09:27:19
854,352,09:27:19
917,320,09:27:19
924,327,09:27:19
900,357,09:27:19
987,372,09:27:19
1032,385,09:27:19
984,364,09:27:19
977,299,09:27:19
976,330,09:27:19
976,326,09:27:19
983,337,09:27:19
1024,363,09:27:19
974,388,09:27:19
970,346,09:27:19
928,270,09:27:19
1007,371,09:27:19
958,347,09:27:19
1007,372,09:27:19
1011,372,09:27:19
1097,341,09:27:19
1065,398,09:27:19
1056,334,09:27:19
1026,357,09:27:20
1005,377,09:27:20
1072,346,09:27:20
1007,303,09:27:20
1099,368,09:27:20
1097,377,09:27:20
1089,382,09:27:20
1083,361,09:27:20
1063,344,09:27:20
1072,317,09:27:20
1102,323,09:27:20
1134,377,09:27:20
1176,348,09:27:20
1146,393,09:27:20
1146,402,09:27:20
1116,335,09:27:20
1111,353,09:27:20
1093,328,09:27:20
1061,342,09:27:20
1064,360,09:27:20
1063,348,09:27:20
1084,341,09:27:20
1058,362,09:27:20
1048,347,09:27:20
813,343,09:27:20
520,254,09:27:20
416,253,09:27:20
419,270,09:27:20
431,257,09:27:20
351,260,09:27:20
398,273,09:27:21
399,278,09:27:21
351,321,09:27:21
340,295,09:27:21
386,312,09:27:21
356,307,09:27:21
373,292,09:27:21
385,261,09:27:21
478,337,09:27:21
455,335,09:27:21
431,338,09:27:21
471,324,09:27:21
469,287,09:27:21
454,290,09:27:21
442,331,09:27:21
576,266,09:27:21
587,347,09:27:21
631,321,09:27:21
608,316,09:27:21
608,372,09:27:21
625,338,09:27:21
583,331,09:27:21
567,387,09:27:21
617,339,09:27:21
601,377,09:27:21
568,355,09:27:21
707,321,09:27:21
710,302,09:27:21
776,386,09:27:21
710,342,09:27:21
764,338,09:27:21
735,335,09:27:22
735,340,09:27:22
722,363,09:27:22
686,319,09:27:22
669,357,09:27:22
658,354,09:27:22
710,362,09:27:22
652,332,09:27:22
683,339,09:27:22
664,335,09:27:22
668,374,09:27:22
671,235,09:27:22
659,309,09:27:22
692,317,09:27:22
692,298,09:27:22
637,357,09:27:22
687,311,09:27:22
740,388,09:27:22
757,332,09:27:22
778,271,09:27:22
793,408,09:27:22
710,361,09:27:22
769,346,09:27:22
803,362,09:27:22
825,377,09:27:22
769,331,09:27:22
745,370,09:27:22
819,383,09:27:22
743,373,09:27:22
742,348,09:27:22
841,334,09:27:23
848,376,09:27:23
850,361,09:27:23
851,364,09:27:23
850,383,09:27:23
838,386,09:27:23
848,363,09:27:23
858,354,09:27:23
878,376,09:27:23
858,378,09:27:23
849,382,09:27:23
866,354,09:27:23
845,362,09:27:23
885,325,09:27:23
867,332,09:27:23
855,338,09:27:23
820,290,09:27:23
867,380,09:27:23
828,367,09:27:23
880,381,09:27:23
838,399,09:27:23
831,351,09:27:23
837,342,09:27:23
889,386,09:27:23
916,330,09:27:23
809,361,09:27:23
832,378,09:27:23
855,345,09:27:23
861,392,09:27:23
868,313,09:27:23
852,343,09:27:24
856,375,09:27:24
901,383,09:27:24
929,390,09:27:24
898,307,09:27:24
914,346,09:27:24
912,369,09:27:24
879,375,09:27:24
917,362,09:27:24
869,347,09:27:24
925,339,09:27:24
913,382,09:27:24
918,351,09:27:24
930,367,09:27:24
903,384,09:27:24
861,368,09:27:24
863,322,09:27:24
917,341,09:27:24
868,323,09:27:24
855,363,09:27:24
872,342,09:27:24
843,357,09:27:24
926,404,09:27:24
850,340,09:27:24
891,412,09:27:24
842,370,09:27:24
871,337,09:27:24
844,389,09:27:24
856,326,09:27:24
875,389,09:27:24
884,382,09:27:25
881,366,09:27:25
858,383,09:27:25
839,366,09:27:25
834,313,09:27:25
828,294,09:27:25
916,419,09:27:25
898,349,09:27:25
910,372,09:27:25
929,402,09:27:25
912,374,09:27:25
964,370,09:27:25
941,375,09:27:25
919,342,09:27:25
924,373,09:27:25
989,373,09:27:25
914,351,09:27:25
931,399,09:27:25
967,340,09:27:25
926,362,09:27:25
918,378,09:27:25
923,393,09:27:25
894,344,09:27:25
979,384,09:27:25
954,365,09:27:25
927,389,09:27:25
912,320,09:27:25
908,329,09:27:25
914,360,09:27:25
946,347,09:27:25
929,313,09:27:26
964,334,09:27:26
1033,378,09:27:26
986,354,09:27:26
1027,372,09:27:26
985,388,09:27:26
1035,420,09:27:26
995,322,09:27:26
1027,384,09:27:26
1035,289,09:27:26
1045,265,09:27:26
1123,393,09:27:26
1125,343,09:27:26
1095,327,09:27:26
1097,354,09:27:26
1057,333,09:27:26
1036,220,09:27:26
1095,353,09:27:26
1025,303,09:27:26
1061,256,09:27:26
1143,367,09:27:26
1073,354,09:27:26
1070,363,09:27:26
1054,396,09:27:26
1039,353,09:27:26
1009,338,09:27:26
1030,365,09:27:26
1039,331,09:27:26
1010,354,09:27:26
968,302,09:27:26
920,323,09:27:27
1066,357,09:27:27
1054,378,09:27:27
1082,339,09:27:27
1050,333,09:27:27
1066,432,09:27:27
1054,279,09:27:27
1040,355,09:27:27
1062,338,09:27:27
1022,394,09:27:27
726,301,09:27:27
470,273,09:27:27
396,289,09:27:27
450,309,09:27:27
402,288,09:27:27
404,297,09:27:27
388,327,09:27:27
368,334,09:27:27
387,336,09:27:27
415,300,09:27:27
392,363,09:27:27
401,348,09:27:27
410,347,09:27:27
456,342,09:27:27
466,323,09:27:27
466,353,09:27:27
479,343,09:27:27
469,315,09:27:27
480,338,09:27:27
580,360,09:27:27
566,338,09:27:28
552,336,09:27:28
544,321,09:27:28
594,340,09:27:28
563,325,09:27:28
580,333,09:27:28
615,359,09:27:28
613,357,09:27:28
594,314,09:27:28
606,321,09:27:28
625,333,09:27:28
598,336,09:27:28
663,346,09:27:28
564,337,09:27:28
583,333,09:27:28
558,307,09:27:28
583,343,09:27:28
627,320,09:27:28
603,338,09:27:28
622,335,09:27:28
666,310,09:27:28
649,359,09:27:28
638,371,09:27:28
680,356,09:27:28
653,372,09:27:28
628,370,09:27:28
465,332,09:27:28
467,397,09:27:28
420,390,09:27:28
456,364,09:27:28
407,330,09:27:28
459,391,09:27:29
507,337,09:27:29
412,381,09:27:29
429,356,09:27:29
452,385,09:27:29
465,380,09:27:29
513,337,09:27:29
507,399,09:27:29
582,353,09:27:29
507,361,09:27:29
511,348,09:27:29
550,336,09:27:29
520,316,09:27:29
556,349,09:27:29
539,289,09:27:29
611,363,09:27:29
647,317,09:27:29
566,279,09:27:29
656,228,09:27:29
634,238,09:27:29
623,167,09:27:29
658,140,09:27:29
641,152,09:27:29
677,248,09:27:29
628,131,09:27:29
688,93,09:27:29
595,119,09:27:29
623,95,09:27:29
670,97,09:27:29
613,106,09:27:29
622,85,09:27:30
676,82,09:27:30
721,108,09:27:30
754,80,09:27:30
765,13,09:27:30
784,95,09:27:30
751,60,09:27:30
798,86,09:27:30
695,34,09:27:30
735,52,09:27:30
744,59,09:27:30
751,35,09:27:30
810,82,09:27:30
828,2,09:27:30
831,64,09:27:30
868,86,09:27:30
903,68,09:27:30
826,56,09:27:30
851,52,09:27:30
845,134,09:27:30
925,97,09:27:30
884,64,09:27:30
913,77,09:27:30
946,47,09:27:30
955,71,09:27:30
917,77,09:27:30
913,77,09:27:30
892,63,09:27:30
938,26,09:27:30
981,135,09:27:30
952,89,09:27:31
956,65,09:27:31
1014,113,09:27:31
1009,55,09:27:31
1046,144,09:27:31
1000,117,09:27:31
1016,43,09:27:31
1023,76,09:27:31
1011,67,09:27:31
1018,107,09:27:31
1029,125,09:27:31
1144,126,09:27:31
1120,136,09:27:31
1163,172,09:27:31
1121,167,09:27:31
1140,160,09:27:31
1091,100,09:27:31
1095,113,09:27:31
1137,157,09:27:31
1058,108,09:27:31
1063,128,09:27:31
715,47,09:27:31
448,15,09:27:31
378,26,09:27:31
350,16,09:27:31
360,54,09:27:31
375,51,09:27:31
365,80,09:27:31
340,70,09:27:31
353,127,09:27:31
315,113,09:27:32
344,84,09:27:32
354,73,09:27:32
330,101,09:27:32
369,33,09:27:32
399,85,09:27:32
490,79,09:27:32
478,66,09:27:32
486,65,09:27:32
443,84,09:27:32
477,49,09:27:32
479,116,09:27:32
478,95,09:27:32
476,55,09:27:32
453,105,09:27:32
471,93,09:27:32
448,83,09:27:32
401,97,09:27:32
426,107,09:27:32
394,84,09:27:32
352,87,09:27:32
402,79,09:27:32
593,79,09:27:32
583,91,09:27:32
562,61,09:27:32
568,65,09:27:32
617,53,09:27:32
568,107,09:27:32
567,99,09:27:32
554,66,09:27:32
550,103,09:27:33
587,68,09:27:33
606,0,09:27:33
606,80,09:27:33
532,98,09:27:33
561,41,09:27:33
577,72,09:27:33
593,56,09:27:33
605,91,09:27:33
675,93,09:27:33
702,6,09:27:33
692,73,09:27:33
687,87,09:27:33
674,116,09:27:33
678,75,09:27:33
660,91,09:27:33
687,91,09:27:33
795,72,09:27:33
726,104,09:27:33
684,119,09:27:33
727,91,09:27:33
784,131,09:27:33
737,60,09:27:33
753,111,09:27:33
737,74,09:27:33
758,106,09:27:33
712,100,09:27:33
700,101,09:27:33
771,116,09:27:33
823,107,09:27:33
818,130,09:27:33
841,113,09:27:34
812,102,09:27:34
818,87,09:27:34
891,132,09:27:34
878,140,09:27:34
856,125,09:27:34
891,127,09:27:34
813,159,09:27:34
894,127,09:27:34
944,163,09:27:34
966,105,09:27:34
946,142,09:27:34
990,157,09:27:34
995,154,09:27:34
940,144,09:27:34
969,173,09:27:34
991,157,09:27:34
998,144,09:27:34
949,135,09:27:34
902,79,09:27:34
996,204,09:27:34
986,130,09:27:34
918,49,09:27:34
976,148,09:27:34
906,161,09:27:34
922,141,09:27:34
940,82,09:27:34
1001,95,09:27:34
1091,93,09:27:34
1042,125,09:27:34
1016,130,09:27:35
1065,143,09:27:35
1072,159,09:27:35
1091,127,09:27:35
1092,131,09:27:35
1054,132,09:27:35
1060,130,09:27:35
1002,102,09:27:35
987,91,09:27:35
987,86,09:27:35
1018,172,09:27:35
995,105,09:27:35
943,105,09:27:35
949,77,09:27:35
968,105,09:27:35
974,130,09:27:35
1094,190,09:27:35
1085,165,09:27:35
1063,61,09:27:35
1059,108,09:27:35
1084,100,09:27:35
1056,78,09:27:35
1138,179,09:27:35
1098,151,09:27:35
1108,189,09:27:35
1083,131,09:27:35
1123,118,09:27:35
1149,135,09:27:35
1150,152,09:27:35
1135,196,09:27:35
1105,110,09:27:36
1173,195,09:27:36
1133,181,09:27:36
1116,114,09:27:36
1153,185,09:27:36
1049,118,09:27:36
1171,167,09:27:36
1096,108,09:27:36
1156,179,09:27:36
1075,128,09:27:36
1159,211,09:27:36
1171,158,09:27:36
1127,160,09:27:36
1128,148,09:27:36
1096,168,09:27:36
1116,198,09:27:36
1112,127,09:27:36
1151,183,09:27:36
1082,176,09:27:36
1214,188,09:27:36
1079,155,09:27:36
1079,166,09:27:36
993,98,09:27:36
633,0,09:27:36
388,27,09:27:36
294,76,09:27:36
291,42,09:27:36
334,47,09:27:36
332,103,09:27:36
364,37,09:27:36
316,91,09:27:37
297,68,09:27:37
325,91,09:27:37
290,62,09:27:37
324,31,09:27:37
328,58,09:27:37
284,59,09:27:37
333,77,09:27:37
284,69,09:27:37
397,41,09:27:37
417,91,09:27:37
444,55,09:27:37
431,92,09:27:37
431,76,09:27:37
469,74,09:27:37
481,49,09:27:37
430,114,09:27:37
492,103,09:27:37
465,107,09:27:37
419,71,09:27:37
448,103,09:27:37
423,103,09:27:37
447,75,09:27:37
426,128,09:27:37
454,103,09:27:37
377,103,09:27:37
346,133,09:27:37
356,100,09:27:37
367,88,09:27:37
331,137,09:27:37
345,113,09:27:38
438,62,09:27:38
437,146,09:27:38
446,103,09:27:38
442,169,09:27:38
432,115,09:27:38
480,55,09:27:38
551,85,09:27:38
583,72,09:27:38
589,96,09:27:38
583,122,09:27:38
588,88,09:27:38
547,83,09:27:38
500,88,09:27:38
542,84,09:27:38
567,164,09:27:38
603,98,09:27:38
583,94,09:27:38
655,115,09:27:38
628,125,09:27:38
639,72,09:27:38
665,79,09:27:38
633,90,09:27:38
613,105,09:27:38
653,106,09:27:38
627,132,09:27:38
657,137,09:27:38
616,174,09:27:38
722,140,09:27:38
744,127,09:27:38
764,104,09:27:39
789,105,09:27:39
738,155,09:27:39
775,27,09:27:39
687,99,09:27:39
782,138,09:27:39
765,115,09:27:39
761,183,09:27:39
792,139,09:27:39
837,187,09:27:39
872,59,09:27:39
843,56,09:27:39
843,141,09:27:39
845,112,09:27:39
846,149,09:27:39
845,134,09:27:39
837,173,09:27:39
779,122,09:27:39
776,111,09:27:39
819,203,09:27:39
797,176,09:27:39
823,204,09:27:39
809,171,09:27:39
826,146,09:27:39
843,109,09:27:39
820,191,09:27:39
891,150,09:27:39
935,148,09:27:39
878,95,09:27:39
881,95,09:27:39
912,187,09:27:39
927,167,09:27:40
870,100,09:27:40
943,227,09:27:40
877,128,09:27:40
887,114,09:27:40
951,196,09:27:40
957,125,09:27:40
926,135,09:27:40
988,182,09:27:40
960,231,09:27:40
909,122,09:27:40
984,172,09:27:40
956,162,09:27:40
982,170,09:27:40
962,230,09:27:40
959,158,09:27:40
963,222,09:27:40
956,200,09:27:40
973,174,09:27:40
940,163,09:27:40
1013,134,09:27:40
1040,173,09:27:40
990,188,09:27:40
1035,175,09:27:40
1000,128,09:27:40
1026,184,09:27:40
898,92,09:27:40
598,185,09:27:40
402,174,09:27:40
434,130,09:27:40
405,149,09:27:41
434,127,09:27:41
484,178,09:27:41
388,157,09:27:41
533,156,09:27:41
945,113,09:27:41
1046,114,09:27:41
1047,110,09:27:41
1032,130,09:27:41
1023,114,09:27:41
1055,173,09:27:41
1010,93,09:27:41
985,94,09:27:41
1029,104,09:27:41
1007,123,09:27:41
1001,146,09:27:41
977,95,09:27:41
1042,214,09:27:41
1008,90,09:27:41
960,135,09:27:41
1005,137,09:27:41
1072,136,09:27:41
1092,199,09:27:41
1082,124,09:27:41
1124,216,09:27:41
1151,175,09:27:41
1149,166,09:27:41
1146,174,09:27:41
1166,143,09:27:41
1151,200,09:27:41
1181,202,09:27:42
1115,157,09:27:42
1181,198,09:27:42
1148,145,09:27:42
1194,249,09:27:42
1143,135,09:27:42
1149,188,09:27:42
1164,188,09:27:42
1154,188,09:27:42
1143,182,09:27:42
1176,178,09:27:42
1203,209,09:27:42
1176,198,09:27:42
1104,174,09:27:42
1081,137,09:27:42
1103,166,09:27:42
1073,140,09:27:42
1160,209,09:27:42
1115,218,09:27:42
1202,238,09:27:42
1194,239,09:27:42
1123,137,09:27:42
1123,118,09:27:42
855,116,09:27:42
671,376,09:27:42
632,270,09:27:42
525,301,09:27:42
482,369,09:27:42
466,348,09:27:42
442,329,09:27:42
439,308,09:27:43
384,274,09:27:43
446,314,09:27:43
380,263,09:27:43
392,228,09:27:43
347,289,09:27:43
430,194,09:27:43
430,225,09:27:43
452,264,09:27:43
473,223,09:27:43
416,248,09:27:43
479,201,09:27:43
434,242,09:27:43
454,195,09:27:43
466,224,09:27:43
462,233,09:27:43
421,197,09:27:43
445,193,09:27:43
439,191,09:27:43
588,207,09:27:43
569,227,09:27:43
589,228,09:27:43
585,214,09:27:43
565,252,09:27:43
518,254,09:27:43
525,195,09:27:43
550,233,09:27:43
535,248,09:27:43
684,236,09:27:43
668,286,09:27:43
646,215,09:27:44
669,245,09:27:44
654,241,09:27:44
671,170,09:27:44
578,204,09:27:44
548,235,09:27:44
537,244,09:27:44
588,204,09:27:44
605,147,09:27:44
578,160,09:27:44
578,183,09:27:44
732,222,09:27:44
650,163,09:27:44
725,172,09:27:44
683,137,09:27:44
747,240,09:27:44
705,144,09:27:44
686,203,09:27:44
734,209,09:27:44
801,220,09:27:44
702,198,09:27:44
723,220,09:27:44
689,199,09:27:44
722,200,09:27:44
729,182,09:27:44
692,179,09:27:44
673,248,09:27:44
689,202,09:27:44
643,206,09:27:44
640,203,09:27:44
719,191,09:27:44
849,206,09:27:45
817,249,09:27:45
776,248,09:27:45
810,186,09:27:45
825,229,09:27:45
809,224,09:27:45
830,223,09:27:45
754,195,09:27:45
798,187,09:27:45
765,198,09:27:45
771,159,09:27:45
776,170,09:27:45
796,205,09:27:45
714,210,09:27:45
697,195,09:27:45
722,159,09:27:45
770,235,09:27:45
736,194,09:27:45
675,238,09:27:45
713,183,09:27:45
752,260,09:27:45
741,161,09:27:45
692,280,09:27:45
618,237,09:27:45
595,210,09:27:45
667,255,09:27:45
569,243,09:27:45
634,272,09:27:45
650,261,09:27:45
636,237,09:27:45
613,260,09:27:46
473,236,09:27:46
474,259,09:27:46
501,255,09:27:46
482,193,09:27:46
450,270,09:27:46
459,319,09:27:46
442,239,09:27:46
385,272,09:27:46
347,259,09:27:46
422,268,09:27:46
392,185,09:27:46
439,232,09:27:46
481,244,09:27:46
471,196,09:27:46
438,220,09:27:46
566,227,09:27:46
834,271,09:27:46
817,194,09:27:46
836,203,09:27:46
831,242,09:27:46
843,213,09:27:46
838,191,09:27:46
806,167,09:27:46
838,208,09:27:46
924,227,09:27:46
904,209,09:27:46
900,173,09:27:46
924,188,09:27:46
894,200,09:27:46
925,213,09:27:47
908,218,09:27:47
891,219,09:27:47
899,225,09:27:47
940,174,09:27:47
997,225,09:27:47
871,206,09:27:47
928,216,09:27:47
902,230,09:27:47
896,246,09:27:47
904,206,09:27:47
921,217,09:27:47
898,267,09:27:47
889,173,09:27:47
868,217,09:27:47
985,187,09:27:47
997,247,09:27:47
983,265,09:27:47
1005,223,09:27:47
1028,213,09:27:47
949,218,09:27:47
998,242,09:27:47
1043,265,09:27:47
1014,270,09:27:47
999,207,09:27:47
1031,281,09:27:47
1075,285,09:27:47
1018,181,09:27:47
1048,238,09:27:47
1077,250,09:27:47
1093,245,09:27:48
1015,208,09:27:48
1083,280,09:27:48
1082,222,09:27:48
1138,279,09:27:48
1113,304,09:27:48
1118,294,09:27:48
1121,299,09:27:48
1172,327,09:27:48
1106,202,09:27:48
1075,248,09:27:48
1100,245,09:27:48
1148,296,09:27:48
1106,275,09:27:48
838,263,09:27:48
628,199,09:27:48
381,184,09:27:48
373,221,09:27:48
393,249,09:27:48
423,236,09:27:48
438,243,09:27:48
375,237,09:27:48
384,270,09:27:48
348,303,09:27:48
361,280,09:27:48
367,277,09:27:48
480,256,09:27:48
485,248,09:27:48
536,303,09:27:48
459,273,09:27:48
492,324,09:27:49
482,286,09:27:49
610,265,09:27:49
645,202,09:27:49
577,302,09:27:49
581,314,09:27:49
630,264,09:27:49
638,306,09:27:49
666,289,09:27:49
677,331,09:27:49
622,295,09:27:49
705,322,09:27:49
665,261,09:27:49
654,272,09:27:49
680,313,09:27:49
650,320,09:27:49
680,328,09:27:49
661,288,09:27:49
739,281,09:27:49
784,294,09:27:49
833,298,09:27:49
785,327,09:27:49
844,313,09:27:49
828,351,09:27:49
811,232,09:27:49
884,395,09:27:49
794,360,09:27:49
774,286,09:27:49
832,337,09:27:49
787,321,09:27:49
859,329,09:27:50
866,344,09:27:50
825,344,09:27:50
907,339,09:27:50
878,350,09:27:50
838,329,09:27:50
836,348,09:27:50
808,271,09:27:50
853,338,09:27:50
813,368,09:27:50
876,278,09:27:50
951,367,09:27:50
941,296,09:27:50
874,362,09:27:50
880,317,09:27:50
743,332,09:27:50
696,292,09:27:50
735,280,09:27:50
769,282,09:27:50
724,341,09:27:50
721,256,09:27:50
742,229,09:27:50
701,286,09:27:50
713,235,09:27:50
694,270,09:27:50
682,288,09:27:50
698,311,09:27:50
636,292,09:27:50
707,304,09:27:50
908,343,09:27:50
920,313,09:27:50
939,283,09:27:51
984,322,09:27:51
963,360,09:27:51
869,297,09:27:51
942,318,09:27:51
878,312,09:27:51
918,403,09:27:51
881,331,09:27:51
892,244,09:27:51
888,286,09:27:51
902,341,09:27:51
865,297,09:27:51
900,300,09:27:51
633,332,09:27:51
458,357,09:27:51
417,332,09:27:51
449,246,09:27:51
379,372,09:27:51
377,306,09:27:51
316,299,09:27:51
362,348,09:27:51
379,321,09:27:51
416,367,09:27:51
405,352,09:27:51
451,353,09:27:51
454,297,09:27:51
493,390,09:27:51
531,351,09:27:51
510,365,09:27:51
543,365,09:27:51
598,306,09:27:52
616,352,09:27:52
604,351,09:27:52
587,360,09:27:52
623,369,09:27:52
656,364,09:27:52
696,282,09:27:52
727,452,09:27:52
739,370,09:27:52
689,344,09:27:52
688,402,09:27:52
727,399,09:27:52
842,426,09:27:52
815,399,09:27:52
785,352,09:27:52
767,372,09:27:52
844,327,09:27:52
793,348,09:27:52
829,376,09:27:52
767,400,09:27:52
739,390,09:27:52
764,381,09:27:52
792,346,09:27:52
937,402,09:27:52
917,351,09:27:52
972,343,09:27:52
901,335,09:27:52
985,375,09:27:52
896,337,09:27:52
1028,350,09:27:52
1012,337,09:27:53
1068,361,09:27:53
1050,372,09:27:53
1077,320,09:27:53
1106,420,09:27:53
1109,374,09:27:53
1054,347,09:27:53
1070,352,09:27:53
1042,328,09:27:53
1119,393,09:27:53
1108,381,09:27:53
1123,329,09:27:53
1099,364,09:27:53
1118,360,09:27:53
1080,309,09:27:53
1107,391,09:27:53
1172,371,09:27:53
1138,389,09:27:53
1122,372,09:27:53
1140,339,09:27:53
1151,353,09:27:53
1180,393,09:27:53
1142,327,09:27:53
1200,443,09:27:53
1146,367,09:27:53
1164,345,09:27:53
1208,381,09:27:53
1190,386,09:27:53
1175,357,09:27:53
1193,418,09:27:53
1072,331,09:27:54
701,363,09:27:54
605,374,09:27:54
527,350,09:27:54
509,434,09:27:54
514,429,09:27:54
470,402,09:27:54
448,446,09:27:54
431,383,09:27:54
438,429,09:27:54
413,391,09:27:54
390,423,09:27:54
422,387,09:27:54
392,412,09:27:54
430,350,09:27:54
523,331,09:27:54
513,384,09:27:54
470,388,09:27:54
541,394,09:27:54
534,419,09:27:54
521,435,09:27:54
511,397,09:27:54
651,414,09:27:54
612,394,09:27:54
613,400,09:27:54
619,416,09:27:54
648,452,09:27:54
599,387,09:27:54
663,435,09:27:54
615,403,09:27:54
600,432,09:27:55
579,431,09:27:55
561,366,09:27:55
525,471,09:27:55
622,385,09:27:55
813,392,09:27:55
748,428,09:27:55
783,422,09:27:55
756,436,09:27:55
716,450,09:27:55
703,432,09:27:55
761,392,09:27:55
728,427,09:27:55
725,396,09:27:55
738,411,09:27:55
723,383,09:27:55
752,415,09:27:55
808,418,09:27:55
862,444,09:27:55
942,416,09:27:55
808,376,09:27:55
845,368,09:27:55
865,417,09:27:55
840,391,09:27:55
884,403,09:27:55
874,395,09:27:55
876,410,09:27:55
959,425,09:27:55
910,399,09:27:55
922,430,09:27:55
884,405,09:27:56
968,388,09:27:56
1019,386,09:27:56
1006,406,09:27:56
1045,407,09:27:56
1082,430,09:27:56
1070,375,09:27:56
1035,393,09:27:56
1037,419,09:27:56
1046,415,09:27:56
1077,425,09:27:56
1047,458,09:27:56
977,398,09:27:56
1069,439,09:27:56
1050,351,09:27:56
1080,404,09:27:56
1099,449,09:27:56
1185,486,09:27:56
1151,429,09:27:56
1143,484,09:27:56
1168,386,09:27:56
1129,394,09:27:56
1131,454,09:27:56
1161,409,09:27:56
1212,416,09:27:56
1184,432,09:27:56
1151,423,09:27:56
1219,441,09:27:56
1182,422,09:27:56
1217,410,09:27:56
1112,347,09:27:56
1158,425,09:27:57
1139,410,09:27:57
805,384,09:27:57
483,340,09:27:57
353,363,09:27:57
360,371,09:27:57
366,381,09:27:57
370,394,09:27:57
378,380,09:27:57
328,369,09:27:57
394,385,09:27:57
378,362,09:27:57
421,383,09:27:57
423,364,09:27:57
422,401,09:27:57
416,397,09:27:57
449,425,09:27:57
466,373,09:27:57
446,432,09:27:57
490,412,09:27:57
530,360,09:27:57
558,411,09:27:57
516,404,09:27:57
551,402,09:27:57
550,423,09:27:57
560,444,09:27:57
492,456,09:27:57
552,432,09:27:57
514,418,09:27:57
595,426,09:27:57
612,455,09:27:58
624,400,09:27:58
599,452,09:27:58
625,410,09:27:58
603,441,09:27:58
615,467,09:27:58
627,456,09:27:58
572,413,09:27:58
672,401,09:27:58
679,396,09:27:58
688,479,09:27:58
698,453,09:27:58
643,445,09:27:58
716,428,09:27:58
694,437,09:27:58
727,446,09:27:58
673,423,09:27:58
716,462,09:27:58
793,486,09:27:58
787,462,09:27:58
760,495,09:27:58
791,483,09:27:58
809,445,09:27:58
775,424,09:27:58
765,430,09:27:58
778,432,09:27:58
760,441,09:27:58
812,467,09:27:58
784,462,09:27:58
773,488,09:27:58
716,442,09:27:59
895,443,09:27:59
929,486,09:27:59
860,435,09:27:59
867,426,09:27:59
883,425,09:27:59
857,451,09:27:59
869,437,09:27:59
925,416,09:27:59
880,511,09:27:59
891,448,09:27:59
896,459,09:27:59
855,459,09:27:59
858,479,09:27:59
842,452,09:27:59
844,425,09:27:59
865,440,09:27:59
894,476,09:27:59
991,463,09:27:59
971,445,09:27:59
1030,426,09:27:59
989,484,09:27:59
931,418,09:27:59
987,459,09:27:59
956,466,09:27:59
931,472,09:27:59
890,407,09:27:59
940,414,09:27:59
924,450,09:27:59
893,516,09:27:59
902,439,09:28:00
913,503,09:28:00
880,449,09:28:00
920,471,09:28:00
1004,473,09:28:00
1025,474,09:28:00
1010,428,09:28:00
1024,437,09:28:00
996,490,09:28:00
1000,472,09:28:00
994,439,09:28:00
1093,488,09:28:00
1082,450,09:28:00
1078,443,09:28:00
1050,433,09:28:00
1111,482,09:28:00
1075,445,09:28:00
1116,447,09:28:00
1084,472,09:28:00
1082,440,09:28:00
1083,479,09:28:00
1098,458,09:28:00
1159,487,09:28:00
1154,491,09:28:00
1157,500,09:28:00
1105,503,09:28:00
1133,498,09:28:00
1157,502,09:28:00
1147,449,09:28:00
1134,517,09:28:00
1189,481,09:28:01
1170,455,09:28:01
1143,477,09:28:01
1174,466,09:28:01
1191,476,09:28:01
1082,445,09:28:01
760,407,09:28:01
594,438,09:28:01
617,482,09:28:01
576,433,09:28:01
637,474,09:28:01
637,442,09:28:01
622,440,09:28:01
532,476,09:28:01
456,463,09:28:01
433,454,09:28:01
436,452,09:28:01
434,445,09:28:01
462,451,09:28:01
440,499,09:28:01
481,423,09:28:01
431,467,09:28:01
457,460,09:28:01
467,461,09:28:01
490,438,09:28:01
412,477,09:28:01
431,498,09:28:01
458,457,09:28:01
449,475,09:28:01
428,460,09:28:01
445,449,09:28:01
474,467,09:28:02
431,468,09:28:02
493,471,09:28:02
484,485,09:28:02
495,473,09:28:02
480,494,09:28:02
381,489,09:28:02
452,440,09:28:02
393,483,09:28:02
438,473,09:28:02
415,502,09:28:02
437,487,09:28:02
434,462,09:28:02
452,504,09:28:02
457,497,09:28:02
523,461,09:28:02
466,513,09:28:02
459,516,09:28:02
457,482,09:28:02
514,467,09:28:02
485,449,09:28:02
531,447,09:28:02
552,489,09:28:02
526,486,09:28:02
605,468,09:28:02
592,480,09:28:02
573,490,09:28:02
554,473,09:28:02
560,448,09:28:02
463,449,09:28:02
432,453,09:28:03
439,448,09:28:03
430,507,09:28:03
402,463,09:28:03
443,438,09:28:03
422,456,09:28:03
449,434,09:28:03
508,453,09:28:03
505,457,09:28:03
462,447,09:28:03
531,459,09:28:03
466,477,09:28:03
496,463,09:28:03
456,484,09:28:03
457,491,09:28:03
420,465,09:28:03
480,466,09:28:03
504,466,09:28:03
517,474,09:28:03
435,473,09:28:03
514,462,09:28:03
508,484,09:28:03
438,477,09:28:03
477,467,09:28:03
552,452,09:28:03
614,490,09:28:03
580,499,09:28:03
601,481,09:28:03
557,501,09:28:03
597,486,09:28:03
587,518,09:28:04
556,473,09:28:04
570,524,09:28:04
614,502,09:28:04
593,441,09:28:04
592,487,09:28:04
534,511,09:28:04
583,497,09:28:04
577,487,09:28:04
633,493,09:28:04
635,471,09:28:04
624,455,09:28:04
629,505,09:28:04
639,484,09:28:04
629,460,09:28:04
624,491,09:28:04
597,495,09:28:04
617,486,09:28:04
625,486,09:28:04
627,514,09:28:04
516,465,09:28:04
561,476,09:28:04
579,460,09:28:04
525,494,09:28:04
593,435,09:28:04
564,465,09:28:04
676,488,09:28:04
747,485,09:28:04
767,473,09:28:04
746,461,09:28:04
770,512,09:28:05
727,469,09:28:05
727,488,09:28:05
688,468,09:28:05
682,515,09:28:05
783,505,09:28:05
681,503,09:28:05
715,464,09:28:05
734,478,09:28:05
739,456,09:28:05
725,474,09:28:05
709,481,09:28:05
711,459,09:28:05
778,486,09:28:05
801,503,09:28:05
815,497,09:28:05
782,510,09:28:05
795,464,09:28:05
774,460,09:28:05
822,477,09:28:05
800,463,09:28:05
776,486,09:28:05
779,521,09:28:05
800,496,09:28:05
786,466,09:28:05
706,507,09:28:05
735,503,09:28:05
733,510,09:28:05
743,478,09:28:05
765,473,09:28:05
761,489,09:28:06
745,507,09:28:06
805,496,09:28:06
841,482,09:28:06
803,502,09:28:06
816,492,09:28:06
748,485,09:28:06
903,502,09:28:06
921,472,09:28:06
917,471,09:28:06
903,485,09:28:06
909,487,09:28:06
891,440,09:28:06
899,486,09:28:06
928,482,09:28:06
864,460,09:28:06
885,486,09:28:06
860,455,09:28:06
807,468,09:28:06
813,511,09:28:06
784,493,09:28:06
782,476,09:28:06
773,518,09:28:06
817,518,09:28:06
847,492,09:28:06
819,484,09:28:06
879,529,09:28:06
862,483,09:28:06
848,485,09:28:06
885,486,09:28:06
901,498,09:28:07
946,471,09:28:07
887,473,09:28:07
943,509,09:28:07
936,486,09:28:07
912,467,09:28:07
921,474,09:28:07
996,463,09:28:07
1019,502,09:28:07
1015,509,09:28:07
1032,485,09:28:07
1094,526,09:28:07
1071,502,09:28:07
1041,495,09:28:07
1038,495,09:28:07
1014,498,09:28:07
1054,516,09:28:07
987,527,09:28:07
1067,538,09:28:07
973,520,09:28:07
863,504,09:28:07
929,510,09:28:07
890,519,09:28:07
908,517,09:28:07
935,485,09:28:07
886,475,09:28:07
907,488,09:28:07
877,534,09:28:07
969,524,09:28:07
945,506,09:28:07
856,491,09:28:08
985,453,09:28:08
1056,473,09:28:08
1081,515,09:28:08
1019,522,09:28:08
1039,498,09:28:08
1017,508,09:28:08
1077,504,09:28:08
1041,505,09:28:08
1005,518,09:28:08
1018,541,09:28:08
1036,525,09:28:08
975,482,09:28:08
991,518,09:28:08
1019,500,09:28:08
988,512,09:28:08
985,492,09:28:08
1034,491,09:28:08
1055,465,09:28:08
1081,516,09:28:08
1045,527,09:28:08
1072,507,09:28:08
1135,507,09:28:08
1086,521,09:28:08
1104,526,09:28:08
1108,490,09:28:08
1178,540,09:28:08
1147,483,09:28:08
1180,481,09:28:08
1140,557,09:28:08
1134,531,09:28:08
1181,473,09:28:09
1128,549,09:28:09
1078,537,09:28:09
1098,515,09:28:09
1147,546,09:28:09
1109,525,09:28:09
1049,554,09:28:09
1113,533,09:28:09
1158,555,09:28:09
1132,547,09:28:09
1206,533,09:28:09
1171,557,09:28:09
1182,507,09:28:09
1201,542,09:28:09
1182,552,09:28:09
1229,536,09:28:09
1173,540,09:28:09
1216,537,09:28:09
1231,543,09:28:09
1206,539,09:28:09
1240,544,09:28:09
1125,508,09:28:09
849,462,09:28:09
671,487,09:28:09
583,488,09:28:09
510,474,09:28:09
522,479,09:28:09
498,511,09:28:09
515,500,09:28:09
508,494,09:28:09
457,508,09:28:10
494,499,09:28:10
485,454,09:28:10
449,507,09:28:10
474,507,09:28:10
468,535,09:28:10
481,491,09:28:10
457,499,09:28:10
447,482,09:28:10
544,479,09:28:10
576,498,09:28:10
590,498,09:28:10
562,481,09:28:10
526,495,09:28:10
545,521,09:28:10
504,494,09:28:10
553,501,09:28:10
587,504,09:28:10
541,484,09:28:10
623,527,09:28:10
590,501,09:28:10
577,515,09:28:10
543,530,09:28:10
597,515,09:28:10
624,523,09:28:10
557,548,09:28:10
598,522,09:28:10
633,537,09:28:10
624,506,09:28:10
603,526,09:28:10
677,516,09:28:11
668,488,09:28:11
680,496,09:28:11
646,545,09:28:11
668,559,09:28:11
700,533,09:28:11
655,510,09:28:11
661,531,09:28:11
726,538,09:28:11
749,556,09:28:11
725,503,09:28:11
774,556,09:28:11
772,546,09:28:11
755,544,09:28:11
757,549,09:28:11
782,506,09:28:11
672,515,09:28:11
661,535,09:28:11
672,542,09:28:11
682,528,09:28:11
704,517,09:28:11
673,508,09:28:11
631,515,09:28:11
664,535,09:28:11
714,562,09:28:11
729,547,09:28:11
735,540,09:28:11
699,556,09:28:11
691,533,09:28:11
742,539,09:28:11
694,546,09:28:12
749,545,09:28:12
694,499,09:28:12
690,552,09:28:12
664,534,09:28:12
728,537,09:28:12
693,533,09:28:12
731,542,09:28:12
773,512,09:28:12
815,518,09:28:12
829,507,09:28:12
871,555,09:28:12
809,520,09:28:12
818,532,09:28:12
822,529,09:28:12
833,541,09:28:12
792,557,09:28:12
816,529,09:28:12
835,494,09:28:12
855,569,09:28:12
892,530,09:28:12
934,535,09:28:12
865,537,09:28:12
945,539,09:28:12
843,529,09:28:12
944,502,09:28:12
873,532,09:28:12
949,524,09:28:12
916,527,09:28:12
958,518,09:28:12
971,513,09:28:13
897,539,09:28:13
917,530,09:28:13
917,561,09:28:13
978,541,09:28:13
964,543,09:28:13
1035,536,09:28:13
1033,548,09:28:13
1042,526,09:28:13
1034,541,09:28:13
1069,526,09:28:13
994,548,09:28:13
1039,512,09:28:13
1016,544,09:28:13
971,530,09:28:13
952,564,09:28:13
979,520,09:28:13
918,521,09:28:13
975,542,09:28:13
1006,540,09:28:13
1013,508,09:28:13
908,548,09:28:13
973,560,09:28:13
924,511,09:28:13
963,555,09:28:13
985,513,09:28:13
1075,509,09:28:13
1080,551,09:28:13
1057,515,09:28:13
1042,554,09:28:13
1105,564,09:28:13
1103,536,09:28:14
1023,548,09:28:14
1062,540,09:28:14
1007,542,09:28:14
1022,558,09:28:14
1052,560,09:28:14
999,542,09:28:14
1144,532,09:28:14
1130,541,09:28:14
1193,524,09:28:14
1187,528,09:28:14
1177,533,09:28:14
1145,563,09:28:14
1209,552,09:28:14
963,556,09:28:14
1015,551,09:28:14
986,514,09:28:14
1001,521,09:28:14
1032,550,09:28:14
1112,542,09:28:14
1038,530,09:28:14
1078,493,09:28:14
1104,525,09:28:14
1064,538,09:28:14
1128,566,09:28:14
1079,519,09:28:14
1107,574,09:28:14
1057,532,09:28:14
1111,512,09:28:14
1153,520,09:28:14
1166,540,09:28:15
1162,546,09:28:15
1152,529,09:28:15
1165,532,09:28:15
1154,546,09:28:15
1119,570,09:28:15
1123,523,09:28:15
1109,564,09:28:15
1204,532,09:28:15
1156,562,09:28:15
1055,535,09:28:15
1150,530,09:28:15
1176,570,09:28:15
1144,543,09:28:15
1198,508,09:28:15
1190,508,09:28:15
1209,525,09:28:15
1202,540,09:28:15
1155,530,09:28:15
1205,543,09:28:15
1260,563,09:28:15
1200,542,09:28:15
1204,549,09:28:15
1220,522,09:28:15
924,519,09:28:15
713,522,09:28:15
509,535,09:28:15
480,489,09:28:15
474,544,09:28:15
483,520,09:28:15
476,500,09:28:16
520,518,09:28:16
479,512,09:28:16
485,508,09:28:16
471,536,09:28:16
509,518,09:28:16
557,519,09:28:16
512,504,09:28:16
567,528,09:28:16
592,524,09:28:16
604,534,09:28:16
635,526,09:28:16
610,509,09:28:16
667,562,09:28:16
659,684,09:28:16
557,718,09:28:16
605,638,09:28:16
654,547,09:28:16
651,539,09:28:16
639,460,09:28:16
623,477,09:28:16
646,462,09:28:16
606,471,09:28:16
605,475,09:28:16
551,484,09:28:16
713,465,09:28:16
972,454,09:28:16
1075,456,09:28:16
1114,487,09:28:16
1159,479,09:28:16
1113,496,09:28:17
1127,512,09:28:17
1091,500,09:28:17
1084,548,09:28:17
1144,506,09:28:17
1163,527,09:28:17
1146,553,09:28:17
1149,523,09:28:17
1154,473,09:28:17
1200,564,09:28:17
1127,535,09:28:17
1181,541,09:28:17
1131,546,09:28:17
1196,522,09:28:17
1169,519,09:28:17
1177,518,09:28:17
1142,535,09:28:17
1171,492,09:28:17
1179,510,09:28:17
1162,503,09:28:17
1193,537,09:28:17
1154,518,09:28:17
1133,496,09:28:17
1152,524,09:28:17
1157,476,09:28:17
1134,512,09:28:17
1021,494,09:28:17
690,475,09:28:17
609,482,09:28:17
597,497,09:28:17
596,476,09:28:18
560,479,09:28:18
548,494,09:28:18
466,483,09:28:18
466,489,09:28:18
498,468,09:28:18
484,470,09:28:18
493,459,09:28:18
471,442,09:28:18
525,504,09:28:18
491,411,09:28:18
503,312,09:28:18
484,263,09:28:18
463,161,09:28:18
431,129,09:28:18
437,28,09:28:18
451,0,09:28:18
406,0,09:28:18
419,0,09:28:18
424,0,09:28:18
394,0,09:28:18
397,0,09:28:18
417,0,09:28:18
412,0,09:28:18
386,9,09:28:18
431,15,09:28:18
356,0,09:28:18
368,34,09:28:18
387,3,09:28:18
357,14,09:28:18
388,34,09:28:19
373,51,09:28:19
365,9,09:28:19
348,38,09:28:19
384,55,09:28:19
473,28,09:28:19
808,0,09:28:19
1088,37,09:28:19
1253,36,09:28:19
1228,33,09:28:19
1268,43,09:28:19
1202,56,09:28:19
1246,77,09:28:19
1257,51,09:28:19
1208,68,09:28:19
1239,106,09:28:19
1229,72,09:28:19
1250,79,09:28:19
1238,98,09:28:19
1239,55,09:28:19
1250,91,09:28:19
1225,73,09:28:19
1237,91,09:28:19
1239,60,09:28:19
1140,132,09:28:19
1099,86,09:28:19
1065,153,09:28:19
1098,92,09:28:19
1074,147,09:28:19
877,0,09:28:19
825,22,09:28:19
838,1,09:28:20
817,40,09:28:20
626,35,09:28:20
384,93,09:28:20
431,71,09:28:20
385,77,09:28:20
433,58,09:28:20
456,87,09:28:20
378,63,09:28:20
358,71,09:28:20
423,90,09:28:20
357,80,09:28:20
403,90,09:28:20
393,73,09:28:20
412,71,09:28:20
476,36,09:28:20
472,65,09:28:20
499,39,09:28:20
510,37,09:28:20
430,32,09:28:20
583,33,09:28:20
533,55,09:28:20
561,40,09:28:20
535,48,09:28:20
577,51,09:28:20
574,59,09:28:20
645,386,09:28:20
627,629,09:28:20
604,672,09:28:20
698,600,09:28:20
691,392,09:28:21
730,329,09:28:21
766,314,09:28:21
770,337,09:28:21
788,315,09:28:21
734,324,09:28:21
762,274,09:28:21
699,187,09:28:21
777,213,09:28:21
691,189,09:28:21
678,186,09:28:21
701,204,09:28:21
668,180,09:28:21
633,184,09:28:21
655,163,09:28:21
741,148,09:28:21
763,93,09:28:21
806,118,09:28:21
790,116,09:28:21
851,81,09:28:21
816,82,09:28:21
836,115,09:28:21
794,122,09:28:21
810,85,09:28:21
827,87,09:28:21
774,136,09:28:21
823,98,09:28:21
918,103,09:28:21
883,82,09:28:21
877,106,09:28:21
880,50,09:28:22
865,45,09:28:22
879,68,09:28:22
940,22,09:28:22
915,61,09:28:22
963,63,09:28:22
984,100,09:28:22
950,42,09:28:22
1002,91,09:28:22
953,93,09:28:22
985,73,09:28:22
890,75,09:28:22
890,33,09:28:22
822,39,09:28:22
855,6,09:28:22
872,63,09:28:22
887,72,09:28:22
885,58,09:28:22
853,4,09:28:22
884,47,09:28:22
857,0,09:28:22
864,38,09:28:22
840,54,09:28:22
963,85,09:28:22
970,92,09:28:22
951,68,09:28:22
964,84,09:28:22
1018,81,09:28:22
958,48,09:28:22
1012,109,09:28:22
1065,118,09:28:23
1049,127,09:28:23
1079,124,09:28:23
1111,108,09:28:23
1061,124,09:28:23
1083,128,09:28:23
1060,111,09:28:23
1033,106,09:28:23
1058,168,09:28:23
1089,93,09:28:23
1102,141,09:28:23
1171,155,09:28:23
1160,141,09:28:23
1176,137,09:28:23
1190,171,09:28:23
1199,150,09:28:23
1219,166,09:28:23
1206,174,09:28:23
1167,184,09:28:23
1156,181,09:28:23
1237,160,09:28:23
1252,127,09:28:23
1279,168,09:28:23
1250,174,09:28:23
1245,136,09:28:23
1257,160,09:28:23
1291,152,09:28:23
1239,131,09:28:23
1262,136,09:28:23
1279,132,09:28:23
1269,156,09:28:24
1304,131,09:28:24
1213,137,09:28:24
1240,175,09:28:24
1265,184,09:28:24
1196,154,09:28:24
1274,207,09:28:24
1220,190,09:28:24
1261,175,09:28:24
1298,123,09:28:24
1301,139,09:28:24
1286,122,09:28:24
1311,178,09:28:24
1175,169,09:28:24
834,63,09:28:24
612,99,09:28:24
574,62,09:28:24
567,71,09:28:24
405,113,09:28:24
517,121,09:28:24
436,73,09:28:24
448,88,09:28:24
502,74,09:28:24
393,151,09:28:24
353,74,09:28:24
386,121,09:28:24
375,113,09:28:24
343,106,09:28:24
355,140,09:28:24
455,94,09:28:24
522,50,09:28:25
556,97,09:28:25
571,89,09:28:25
563,62,09:28:25
554,81,09:28:25
540,93,09:28:25
587,104,09:28:25
709,94,09:28:25
727,113,09:28:25
745,65,09:28:25
767,129,09:28:25
719,84,09:28:25
694,98,09:28:25
743,115,09:28:25
705,80,09:28:25
790,52,09:28:25
806,100,09:28:25
796,60,09:28:25
762,69,09:28:25
772,98,09:28:25
806,114,09:28:25
672,80,09:28:25
721,94,09:28:25
670,123,09:28:25
687,77,09:28:25
655,108,09:28:25
696,70,09:28:25
840,151,09:28:25
856,71,09:28:25
870,128,09:28:25
912,122,09:28:25
900,149,09:28:26
896,105,09:28:26
849,120,09:28:26
912,130,09:28:26
851,123,09:28:26
867,78,09:28:26
852,76,09:28:26
885,59,09:28:26
792,81,09:28:26
863,79,09:28:26
811,98,09:28:26
846,69,09:28:26
911,88,09:28:26
922,64,09:28:26
931,109,09:28:26
919,101,09:28:26
923,102,09:28:26
954,77,09:28:26
924,75,09:28:26
887,80,09:28:26
972,142,09:28:26
951,115,09:28:26
898,115,09:28:26
901,66,09:28:26
925,73,09:28:26
861,81,09:28:26
898,77,09:28:26
962,131,09:28:26
1032,164,09:28:26
1006,96,09:28:26
1058,140,09:28:27
1032,160,09:28:27
1021,168,09:28:27
1002,114,09:28:27
1042,137,09:28:27
1033,190,09:28:27
988,141,09:28:27
1037,158,09:28:27
1027,159,09:28:27
1002,146,09:28:27
1011,119,09:28:27
1009,148,09:28:27
1029,121,09:28:27
1061,113,09:28:27
1166,140,09:28:27
1219,174,09:28:27
1203,177,09:28:27
1241,178,09:28:27
1204,170,09:28:27
1224,229,09:28:27
1222,178,09:28:27
1145,158,09:28:27
1248,184,09:28:27
1272,212,09:28:27
1264,145,09:28:27
1237,189,09:28:27
1204,195,09:28:27
1245,151,09:28:27
1226,202,09:28:27
1065,157,09:28:27
1063,181,09:28:28
1141,215,09:28:28
1155,242,09:28:28
1116,231,09:28:28
993,165,09:28:28
893,129,09:28:28
960,189,09:28:28
855,162,09:28:28
909,202,09:28:28
905,145,09:28:28
767,141,09:28:28
721,135,09:28:28
748,144,09:28:28
777,180,09:28:28
804,145,09:28:28
752,115,09:28:28
560,120,09:28:28
644,129,09:28:28
626,111,09:28:28
618,150,09:28:28
599,143,09:28:28
585,147,09:28:28
458,134,09:28:28
420,133,09:28:28
397,167,09:28:28
434,166,09:28:28
440,167,09:28:28
413,141,09:28:28
412,148,09:28:28
395,144,09:28:28
376,150,09:28:29
362,184,09:28:29
387,140,09:28:29
399,120,09:28:29
347,154,09:28:29
473,134,09:28:29
494,133,09:28:29
448,195,09:28:29
465,139,09:28:29
515,147,09:28:29
467,168,09:28:29
506,162,09:28:29
515,122,09:28:29
534,180,09:28:29
575,123,09:28:29
526,143,09:28:29
570,109,09:28:29
583,146,09:28:29
647,121,09:28:29
723,164,09:28:29
717,139,09:28:29
688,164,09:28:29
664,95,09:28:29
707,155,09:28:29
648,145,09:28:29
653,83,09:28:29
660,115,09:28:29
799,108,09:28:29
869,124,09:28:29
811,144,09:28:29
841,100,09:28:30
875,89,09:28:30
837,147,09:28:30
868,108,09:28:30
987,162,09:28:30
912,145,09:28:30
947,133,09:28:30
910,80,09:28:30
925,116,09:28:30
935,109,09:28:30
929,125,09:28:30
1027,148,09:28:30
1138,148,09:28:30
1066,166,09:28:30
1040,115,09:28:30
1100,176,09:28:30
1068,138,09:28:30
1178,151,09:28:30
1172,138,09:28:30
1217,190,09:28:30
1206,186,09:28:30
1207,179,09:28:30
1258,193,09:28:30
1210,198,09:28:30
1180,185,09:28:30
1231,183,09:28:30
1152,153,09:28:30
1150,172,09:28:30
1179,204,09:28:30
1120,170,09:28:30
1184,199,09:28:31
1145,126,09:28:31
1158,228,09:28:31
1154,220,09:28:31
1128,168,09:28:31
1171,204,09:28:31
1187,195,09:28:31
1200,202,09:28:31
1163,181,09:28:31
1214,178,09:28:31
1238,194,09:28:31
1224,176,09:28:31
1185,194,09:28:31
1208,219,09:28:31
1166,152,09:28:31
965,154,09:28:31
941,107,09:28:31
986,162,09:28:31
997,179,09:28:31
938,129,09:28:31
962,112,09:28:31
913,127,09:28:31
890,119,09:28:31
929,181,09:28:31
951,164,09:28:31
907,97,09:28:31
901,163,09:28:31
874,103,09:28:31
903,130,09:28:31
912,123,09:28:31
963,109,09:28:31
933,92,09:28:32
930,133,09:28:32
933,132,09:28:32
893,159,09:28:32
1046,183,09:28:32
1068,200,09:28:32
1006,141,09:28:32
1023,184,09:28:32
998,117,09:28:32
1065,209,09:28:32
1019,194,09:28:32
976,193,09:28:32
1012,174,09:28:32
1029,163,09:28:32
1099,160,09:28:32
1067,200,09:28:32
1070,217,09:28:32
1025,148,09:28:32
1056,161,09:28:32
1056,173,09:28:32
1045,204,09:28:32
1138,200,09:28:32
1169,226,09:28:32
1143,183,09:28:32
1120,156,09:28:32
1189,213,09:28:32
1141,171,09:28:32
1161,225,09:28:32
1140,161,09:28:32
1099,143,09:28:32
1193,191,09:28:33
1145,186,09:28:33
1187,209,09:28:33
1167,184,09:28:33
1191,195,09:28:33
1137,172,09:28:33
1196,175,09:28:33
1196,154,09:28:33
1241,182,09:28:33
1254,212,09:28:33
1276,205,09:28:33
1208,139,09:28:33
1159,159,09:28:33
1196,193,09:28:33
1166,197,09:28:33
1182,185,09:28:33
1211,218,09:28:33
1187,173,09:28:33
1190,184,09:28:33
1166,188,09:28:33
1225,163,09:28:33
1149,187,09:28:33
1163,202,09:28:33
1185,159,09:28:33
1166,181,09:28:33
1147,169,09:28:33
1229,246,09:28:33
1229,205,09:28:33
1214,212,09:28:33
1206,212,09:28:33
1209,211,09:28:34
1235,203,09:28:34
1291,215,09:28:34
1219,197,09:28:34
1311,200,09:28:34
1153,179,09:28:34
908,88,09:28:34
896,145,09:28:34
866,135,09:28:34
835,148,09:28:34
850,138,09:28:34
835,82,09:28:34
774,136,09:28:34
797,111,09:28:34
735,114,09:28:34
803,113,09:28:34
864,115,09:28:34
964,136,09:28:34
1008,134,09:28:34
913,160,09:28:34
967,133,09:28:34
944,118,09:28:34
931,148,09:28:34
1033,207,09:28:34
1080,177,09:28:34
1048,200,09:28:34
1062,170,09:28:34
1096,183,09:28:34
1075,202,09:28:34
1029,201,09:28:34
1031,208,09:28:35
1056,189,09:28:35
1105,183,09:28:35
1051,180,09:28:35
1059,197,09:28:35
1120,256,09:28:35
1147,221,09:28:35
1153,215,09:28:35
1123,224,09:28:35
1102,233,09:28:35
1127,233,09:28:35
1124,209,09:28:35
1150,173,09:28:35
1161,187,09:28:35
1175,219,09:28:35
1184,199,09:28:35
1199,229,09:28:35
1210,231,09:28:35
1190,239,09:28:35
1161,259,09:28:35
1079,205,09:28:35
1156,218,09:28:35
1162,229,09:28:35
1155,170,09:28:35
1120,221,09:28:35
1151,230,09:28:35
1210,210,09:28:35
1251,214,09:28:35
1197,212,09:28:35
1235,241,09:28:35
1199,232,09:28:36
1238,204,09:28:36
1212,232,09:28:36
1226,216,09:28:36
1227,191,09:28:36
1246,207,09:28:36
1296,198,09:28:36
1275,213,09:28:36
1016,160,09:28:36
718,84,09:28:36
495,70,09:28:36
498,98,09:28:36
472,102,09:28:36
416,95,09:28:36
493,69,09:28:36
400,117,09:28:36
396,164,09:28:36
409,95,09:28:36
421,109,09:28:36
386,111,09:28:36
409,120,09:28:36
348,110,09:28:36
320,148,09:28:36
334,133,09:28:36
335,141,09:28:36
351,171,09:28:36
412,139,09:28:36
552,179,09:28:36
543,117,09:28:36
543,152,09:28:36
498,171,09:28:37
509,193,09:28:37
504,179,09:28:37
519,160,09:28:37
448,147,09:28:37
461,181,09:28:37
485,169,09:28:37
465,160,09:28:37
469,178,09:28:37
501,156,09:28:37
472,124,09:28:37
443,186,09:28:37
474,110,09:28:37
476,170,09:28:37
502,189,09:28:37
611,204,09:28:37
590,208,09:28:37
621,200,09:28:37
560,163,09:28:37
601,213,09:28:37
612,177,09:28:37
645,218,09:28:37
634,159,09:28:37
685,216,09:28:37
686,158,09:28:37
643,182,09:28:37
698,212,09:28:37
682,300,09:28:37
740,237,09:28:37
776,271,09:28:37
771,253,09:28:37
790,184,09:28:38
797,202,09:28:38
755,226,09:28:38
787,249,09:28:38
764,243,09:28:38
749,208,09:28:38
809,269,09:28:38
842,239,09:28:38
815,196,09:28:38
807,218,09:28:38
830,259,09:28:38
868,210,09:28:38
828,241,09:28:38
920,285,09:28:38
949,293,09:28:38
951,192,09:28:38
930,231,09:28:38
945,214,09:28:38
933,226,09:28:38
948,211,09:28:38
953,254,09:28:38
947,266,09:28:38
924,242,09:28:38
913,302,09:28:38
937,282,09:28:38
937,233,09:28:38
938,247,09:28:38
901,224,09:28:38
933,254,09:28:38
950,300,09:28:38
854,196,09:28:39
865,206,09:28:39
852,189,09:28:39
885,223,09:28:39
823,205,09:28:39
829,229,09:28:39
871,243,09:28:39
917,197,09:28:39
910,192,09:28:39
901,191,09:28:39
876,151,09:28:39
837,177,09:28:39
902,186,09:28:39
888,142,09:28:39
856,145,09:28:39
767,156,09:28:39
793,199,09:28:39
705,177,09:28:39
770,187,09:28:39
715,215,09:28:39
725,256,09:28:39
713,217,09:28:39
622,155,09:28:39
632,154,09:28:39
653,184,09:28:39
655,223,09:28:39
658,220,09:28:39
592,169,09:28:39
468,232,09:28:39
446,177,09:28:39
451,163,09:28:40
479,196,09:28:40
475,190,09:28:40
447,168,09:28:40
420,205,09:28:40
372,217,09:28:40
419,185,09:28:40
404,197,09:28:40
410,173,09:28:40
427,174,09:28:40
157,196,09:28:40
201,140,09:28:40
205,171,09:28:40
148,244,09:28:40
540,482,09:28:40
596,453,09:28:40
524,322,09:28:40
444,377,09:28:40
366,368,09:28:40
337,357,09:28:40
302,347,09:28:40
258,313,09:28:40
237,304,09:28:40
234,301,09:28:40
259,306,09:28:40
213,276,09:28:40
247,291,09:28:40
288,270,09:28:40
211,214,09:28:40
231,249,09:28:40
216,233,09:28:41
211,237,09:28:41
246,192,09:28:41
241,232,09:28:41
201,211,09:28:41
232,201,09:28:41
171,218,09:28:41
217,226,09:28:41
213,197,09:28:41
178,213,09:28:41
212,164,09:28:41
148,178,09:28:41
211,219,09:28:41
160,243,09:28:41
215,207,09:28:41
244,207,09:28:41
218,253,09:28:41
246,223,09:28:41
258,237,09:28:41
260,222,09:28:41
225,218,09:28:41
216,243,09:28:41
258,171,09:28:41
230,236,09:28:41
276,241,09:28:41
224,242,09:28:41
177,278,09:28:41
296,222,09:28:41
243,213,09:28:41
224,234,09:28:41
267,231,09:28:42
212,309,09:28:42
234,220,09:28:42
305,155,09:28:42
273,135,09:28:42
279,94,09:28:42
278,187,09:28:42
231,148,09:28:42
190,290,09:28:42
195,317,09:28:42
126,246,09:28:42
175,185,09:28:42
119,121,09:28:42
110,154,09:28:42
136,177,09:28:42
128,151,09:28:42
152,186,09:28:42
165,147,09:28:42
140,161,09:28:42
121,129,09:28:42
130,126,09:28:42
151,175,09:28:42
437,284,09:28:42
672,504,09:28:42
657,512,09:28:42
840,411,09:28:42
944,351,09:28:42
1015,394,09:28:42
998,323,09:28:42
1065,337,09:28:42
1089,309,09:28:43
1050,324,09:28:43
1031,325,09:28:43
1079,274,09:28:43
1073,305,09:28:43
1008,264,09:28:43
982,240,09:28:43
983,186,09:28:43
955,155,09:28:43
984,212,09:28:43
1027,259,09:28:43
990,229,09:28:43
989,275,09:28:43
705,196,09:28:43
429,167,09:28:43
461,161,09:28:43
414,204,09:28:43
408,205,09:28:43
280,216,09:28:43
170,208,09:28:43
220,149,09:28:43
201,152,09:28:43
198,202,09:28:43
228,184,09:28:43
113,133,09:28:43
152,162,09:28:43
132,154,09:28:43
145,202,09:28:43
118,147,09:28:43
175,142,09:28:43
175,178,09:28:43
177,171,09:28:44
127,121,09:28:44
163,147,09:28:44
166,129,09:28:44
204,153,09:28:44
290,113,09:28:44
209,143,09:28:44
212,159,09:28:44
222,174,09:28:44
200,148,09:28:44
150,199,09:28:44
161,165,09:28:44
172,191,09:28:44
218,130,09:28:44
215,142,09:28:44
268,118,09:28:44
221,134,09:28:44
229,155,09:28:44
200,159,09:28:44
205,157,09:28:44
260,146,09:28:44
214,140,09:28:44
211,110,09:28:44
225,121,09:28:44
247,117,09:28:44
184,121,09:28:44
208,82,09:28:44
167,100,09:28:44
170,73,09:28:44
232,68,09:28:44
602,9,09:28:45
726,0,09:28:45
734,13,09:28:45
759,2,09:28:45
690,0,09:28:45
709,34,09:28:45
709,0,09:28:45
706,0,09:28:45
710,12,09:28:45
719,4,09:28:45
710,65,09:28:45
718,0,09:28:45
803,31,09:28:45
868,0,09:28:45
881,34,09:28:45
890,43,09:28:45
826,49,09:28:45
839,69,09:28:45
828,73,09:28:45
874,35,09:28:45
857,69,09:28:45
856,72,09:28:45
823,81,09:28:45
819,57,09:28:45
908,115,09:28:45
854,100,09:28:45
855,73,09:28:45
871,70,09:28:45
853,118,09:28:45
844,83,09:28:45
860,93,09:28:46
828,103,09:28:46
886,127,09:28:46
871,64,09:28:46
860,94,09:28:46
898,74,09:28:46
807,19,09:28:46
843,65,09:28:46
804,26,09:28:46
829,44,09:28:46
827,89,09:28:46
848,71,09:28:46
842,54,09:28:46
841,82,09:28:46
836,29,09:28:46
841,61,09:28:46
827,33,09:28:46
853,27,09:28:46
840,126,09:28:46
812,135,09:28:46
820,115,09:28:46
850,146,09:28:46
861,144,09:28:46
827,103,09:28:46
881,118,09:28:46
798,118,09:28:46
846,101,09:28:46
868,163,09:28:46
832,153,09:28:46
788,137,09:28:46
765,116,09:28:47
805,161,09:28:47
772,148,09:28:47
774,151,09:28:47
780,144,09:28:47
764,109,09:28:47
776,127,09:28:47
788,114,09:28:47
732,166,09:28:47
598,147,09:28:47
568,134,09:28:47
485,181,09:28:47
600,154,09:28:47
555,80,09:28:47
510,133,09:28:47
530,144,09:28:47
599,169,09:28:47
673,140,09:28:47
624,152,09:28:47
597,147,09:28:47
662,171,09:28:47
648,168,09:28:47
654,163,09:28:47
607,203,09:28:47
674,184,09:28:47
651,246,09:28:47
606,173,09:28:47
629,197,09:28:47
637,162,09:28:47
631,179,09:28:47
644,235,09:28:48
651,207,09:28:48
629,147,09:28:48
718,168,09:28:48
762,160,09:28:48
745,202,09:28:48
710,115,09:28:48
749,145,09:28:48
760,204,09:28:48
742,182,09:28:48
750,167,09:28:48
702,145,09:28:48
684,160,09:28:48
688,128,09:28:48
703,186,09:28:48
748,198,09:28:48
710,151,09:28:48
649,128,09:28:48
618,162,09:28:48
682,139,09:28:48
652,179,09:28:48
620,127,09:28:48
653,145,09:28:48
643,154,09:28:48
645,168,09:28:48
510,142,09:28:48
329,201,09:28:48
306,211,09:28:48
304,223,09:28:48
254,213,09:28:48
237,260,09:28:48
204,204,09:28:49
183,206,09:28:49
167,190,09:28:49
197,194,09:28:49
115,235,09:28:49
140,213,09:28:49
187,239,09:28:49
169,215,09:28:49
175,195,09:28:49
136,255,09:28:49
261,225,09:28:49
226,232,09:28:49
245,220,09:28:49
238,191,09:28:49
224,209,09:28:49
187,202,09:28:49
223,198,09:28:49
211,283,09:28:49
202,245,09:28:49
223,306,09:28:49
177,321,09:28:49
205,278,09:28:49
225,304,09:28:49
197,274,09:28:49
190,144,09:28:49
158,117,09:28:49
138,111,09:28:49
176,136,09:28:49
157,146,09:28:49
180,162,09:28:49
197,153,09:28:50
191,116,09:28:50
114,115,09:28:50
209,122,09:28:50
349,49,09:28:50
332,43,09:28:50
337,112,09:28:50
308,61,09:28:50
354,63,09:28:50
263,71,09:28:50
268,124,09:28:50
231,105,09:28:50
322,91,09:28:50
285,113,09:28:50
288,74,09:28:50
284,85,09:28:50
276,36,09:28:50
301,60,09:28:50
300,56,09:28:50
253,108,09:28:50
279,78,09:28:50
312,93,09:28:50
295,105,09:28:50
156,239,09:28:50
203,291,09:28:50
196,280,09:28:50
232,300,09:28:50
191,290,09:28:50
225,296,09:28:50
215,248,09:28:50
185,312,09:28:51
193,278,09:28:51
373,153,09:28:51
371,167,09:28:51
391,197,09:28:51
370,236,09:28:51
360,249,09:28:51
378,187,09:28:51
364,267,09:28:51
664,385,09:28:51
759,421,09:28:51
822,490,09:28:51
1039,498,09:28:51
1076,532,09:28:51
1071,487,09:28:51
1035,491,09:28:51
1073,477,09:28:51
1112,489,09:28:51
1090,520,09:28:51
1090,513,09:28:51
995,518,09:28:51
846,569,09:28:51
864,562,09:28:51
926,567,09:28:51
844,606,09:28:51
855,574,09:28:51
722,537,09:28:51
763,539,09:28:51
758,540,09:28:51
701,531,09:28:51
707,553,09:28:52
708,561,09:28:52
588,509,09:28:52
419,401,09:28:52
335,369,09:28:52
377,346,09:28:52
351,306,09:28:52
349,351,09:28:52
350,365,09:28:52
329,333,09:28:52
310,298,09:28:52
345,280,09:28:52
382,212,09:28:52
353,167,09:28:52
390,157,09:28:52
355,155,09:28:52
385,215,09:28:52
340,166,09:28:52
336,186,09:28:52
382,214,09:28:52
360,198,09:28:52
332,184,09:28:52
351,161,09:28:52
345,179,09:28:52
360,174,09:28:52
311,176,09:28:52
362,125,09:28:52
301,198,09:28:52
368,136,09:28:52
317,131,09:28:52
357,191,09:28:53
347,144,09:28:53
373,113,09:28:53
403,119,09:28:53
281,169,09:28:53
352,139,09:28:53
353,134,09:28:53
358,168,09:28:53
341,173,09:28:53
298,156,09:28:53
