1186,692,10:28:01
1162,701,10:28:01
1191,684,10:28:01
1075,616,10:28:01
1035,560,10:28:01
1044,594,10:28:01
1116,565,10:28:01
1096,531,10:28:01
1058,550,10:28:01
1103,595,10:28:01
902,496,10:28:01
695,414,10:28:01
645,401,10:28:01
617,362,10:28:01
658,376,10:28:01
678,378,10:28:01
681,372,10:28:01
651,326,10:28:01
660,336,10:28:01
411,248,10:28:02
266,148,10:28:02
308,94,10:28:02
323,72,10:28:02
262,80,10:28:02
283,58,10:28:02
273,45,10:28:02
255,23,10:28:02
203,3,10:28:02
253,2,10:28:02
165,0,10:28:02
193,0,10:28:02
161,12,10:28:02
177,0,10:28:02
199,0,10:28:02
180,7,10:28:02
238,0,10:28:02
159,5,10:28:02
160,0,10:28:02
143,125,10:28:02
256,388,10:28:02
352,531,10:28:02
292,553,10:28:02
311,573,10:28:02
365,548,10:28:02
323,552,10:28:02
319,602,10:28:02
438,544,10:28:02
501,452,10:28:02
528,458,10:28:02
511,459,10:28:03
532,444,10:28:03
501,469,10:28:03
546,406,10:28:03
454,433,10:28:03
474,451,10:28:03
496,407,10:28:03
651,345,10:28:03
1009,109,10:28:03
1047,0,10:28:03
1111,0,10:28:03
1071,0,10:28:03
1118,0,10:28:03
1069,0,10:28:03
1063,0,10:28:03
1171,0,10:28:03
1139,0,10:28:03
1149,0,10:28:03
1163,0,10:28:03
1144,0,10:28:03
1192,0,10:28:03
1147,0,10:28:03
1197,0,10:28:03
1150,0,10:28:03
1178,0,10:28:03
1184,0,10:28:03
1126,0,10:28:03
1165,0,10:28:03
1157,0,10:28:03
1150,0,10:28:03
1185,0,10:28:03
1142,0,10:28:04
1139,0,10:28:04
1150,0,10:28:04
1146,0,10:28:04
1171,0,10:28:04
1197,0,10:28:04
1164,0,10:28:04
1184,0,10:28:04
1181,0,10:28:04
1155,0,10:28:04
1185,0,10:28:04
1196,0,10:28:04
1172,0,10:28:04
1186,0,10:28:04
1173,0,10:28:04
1186,0,10:28:04
1114,0,10:28:04
1182,0,10:28:04
1205,0,10:28:04
1149,0,10:28:04
1153,0,10:28:04
793,0,10:28:04
439,0,10:28:04
240,0,10:28:04
235,0,10:28:04
219,0,10:28:04
232,0,10:28:04
223,0,10:28:04
223,0,10:28:04
245,0,10:28:04
288,8,10:28:05
587,507,10:28:05
859,638,10:28:05
834,682,10:28:05
746,628,10:28:05
676,579,10:28:05
621,552,10:28:05
637,493,10:28:05
591,490,10:28:05
575,505,10:28:05
520,497,10:28:05
520,505,10:28:05
425,372,10:28:05
334,402,10:28:05
356,382,10:28:05
328,471,10:28:05
396,520,10:28:05
377,521,10:28:05
388,511,10:28:05
385,527,10:28:05
423,543,10:28:05
396,501,10:28:05
372,498,10:28:05
334,508,10:28:05
383,512,10:28:05
351,475,10:28:05
366,479,10:28:05
427,508,10:28:05
454,464,10:28:05
423,486,10:28:05
417,495,10:28:06
435,507,10:28:06
410,498,10:28:06
454,523,10:28:06
477,494,10:28:06
526,450,10:28:06
550,463,10:28:06
558,431,10:28:06
566,490,10:28:06
575,475,10:28:06
575,480,10:28:06
573,480,10:28:06
538,480,10:28:06
550,478,10:28:06
527,460,10:28:06
540,472,10:28:06
599,471,10:28:06
582,491,10:28:06
567,509,10:28:06
569,477,10:28:06
601,480,10:28:06
794,484,10:28:06
795,475,10:28:06
723,434,10:28:06
807,476,10:28:06
796,445,10:28:06
774,489,10:28:06
788,469,10:28:06
718,463,10:28:06
753,456,10:28:06
770,467,10:28:07
792,468,10:28:07
698,483,10:28:07
624,495,10:28:07
614,481,10:28:07
583,497,10:28:07
646,486,10:28:07
612,473,10:28:07
466,517,10:28:07
458,502,10:28:07
455,504,10:28:07
486,486,10:28:07
441,466,10:28:07
516,517,10:28:07
386,449,10:28:07
384,507,10:28:07
386,480,10:28:07
434,518,10:28:07
521,511,10:28:07
722,495,10:28:07
723,474,10:28:07
757,471,10:28:07
741,454,10:28:07
696,464,10:28:07
710,476,10:28:07
731,475,10:28:07
749,475,10:28:07
720,489,10:28:07
705,500,10:28:07
735,489,10:28:07
811,465,10:28:08
804,471,10:28:08
750,472,10:28:08
815,493,10:28:08
846,458,10:28:08
916,490,10:28:08
795,464,10:28:08
882,494,10:28:08
916,485,10:28:08
796,486,10:28:08
616,484,10:28:08
430,504,10:28:08
408,512,10:28:08
426,514,10:28:08
429,499,10:28:08
448,544,10:28:08
461,510,10:28:08
421,513,10:28:08
443,511,10:28:08
497,517,10:28:08
501,510,10:28:08
533,528,10:28:08
550,486,10:28:08
505,509,10:28:08
521,491,10:28:08
506,504,10:28:08
630,511,10:28:08
594,517,10:28:08
608,521,10:28:08
598,509,10:28:08
626,524,10:28:09
557,488,10:28:09
558,497,10:28:09
617,500,10:28:09
589,502,10:28:09
510,514,10:28:09
555,526,10:28:09
590,524,10:28:09
551,531,10:28:09
693,506,10:28:09
652,535,10:28:09
682,507,10:28:09
681,508,10:28:09
632,530,10:28:09
636,502,10:28:09
694,490,10:28:09
680,515,10:28:09
702,542,10:28:09
727,505,10:28:09
688,523,10:28:09
702,507,10:28:09
770,501,10:28:09
760,523,10:28:09
689,505,10:28:09
737,500,10:28:09
726,516,10:28:09
752,507,10:28:09
762,498,10:28:09
767,492,10:28:09
733,502,10:28:09
712,499,10:28:09
738,492,10:28:10
801,486,10:28:10
826,490,10:28:10
844,480,10:28:10
852,485,10:28:10
848,494,10:28:10
799,490,10:28:10
782,463,10:28:10
822,485,10:28:10
813,518,10:28:10
754,491,10:28:10
748,496,10:28:10
726,496,10:28:10
792,483,10:28:10
745,529,10:28:10
745,490,10:28:10
786,481,10:28:10
741,497,10:28:10
733,521,10:28:10
751,485,10:28:10
754,490,10:28:10
777,482,10:28:10
753,519,10:28:10
775,494,10:28:10
777,475,10:28:10
829,488,10:28:10
806,516,10:28:10
839,516,10:28:10
850,489,10:28:10
838,493,10:28:10
830,461,10:28:11
813,494,10:28:11
861,490,10:28:11
863,503,10:28:11
910,495,10:28:11
888,494,10:28:11
907,493,10:28:11
917,501,10:28:11
877,496,10:28:11
892,485,10:28:11
922,475,10:28:11
885,487,10:28:11
644,480,10:28:11
422,506,10:28:11
493,508,10:28:11
514,529,10:28:11
461,531,10:28:11
454,544,10:28:11
507,510,10:28:11
477,510,10:28:11
421,525,10:28:11
435,517,10:28:11
483,545,10:28:11
472,515,10:28:11
461,518,10:28:11
464,514,10:28:11
469,536,10:28:11
471,532,10:28:11
497,556,10:28:11
498,533,10:28:11
502,552,10:28:12
495,527,10:28:12
482,529,10:28:12
474,554,10:28:12
474,523,10:28:12
451,526,10:28:12
485,557,10:28:12
420,554,10:28:12
457,533,10:28:12
489,534,10:28:12
457,537,10:28:12
508,548,10:28:12
451,524,10:28:12
521,529,10:28:12
481,550,10:28:12
529,545,10:28:12
498,544,10:28:12
499,510,10:28:12
554,529,10:28:12
526,551,10:28:12
483,532,10:28:12
467,543,10:28:12
537,547,10:28:12
464,538,10:28:12
516,528,10:28:12
509,514,10:28:12
497,538,10:28:12
471,549,10:28:12
483,549,10:28:12
479,523,10:28:12
606,517,10:28:13
603,495,10:28:13
568,536,10:28:13
592,522,10:28:13
549,509,10:28:13
595,530,10:28:13
574,518,10:28:13
678,488,10:28:13
702,531,10:28:13
666,495,10:28:13
653,500,10:28:13
668,530,10:28:13
633,483,10:28:13
693,498,10:28:13
665,511,10:28:13
661,486,10:28:13
715,515,10:28:13
705,493,10:28:13
798,487,10:28:13
779,491,10:28:13
774,495,10:28:13
755,490,10:28:13
753,494,10:28:13
781,502,10:28:13
808,478,10:28:13
826,478,10:28:13
826,454,10:28:13
830,476,10:28:13
847,494,10:28:13
838,480,10:28:13
829,504,10:28:14
873,483,10:28:14
872,496,10:28:14
925,474,10:28:14
889,492,10:28:14
812,498,10:28:14
628,491,10:28:14
510,514,10:28:14
526,495,10:28:14
470,511,10:28:14
527,506,10:28:14
499,511,10:28:14
502,525,10:28:14
494,515,10:28:14
489,515,10:28:14
482,533,10:28:14
448,522,10:28:14
466,508,10:28:14
470,564,10:28:14
455,568,10:28:14
557,518,10:28:14
533,515,10:28:14
589,524,10:28:14
581,517,10:28:14
553,520,10:28:14
538,561,10:28:14
586,523,10:28:14
573,530,10:28:14
591,521,10:28:14
585,533,10:28:14
545,520,10:28:15
629,567,10:28:15
677,509,10:28:15
649,503,10:28:15
660,516,10:28:15
693,504,10:28:15
683,502,10:28:15
658,527,10:28:15
647,509,10:28:15
683,507,10:28:15
693,527,10:28:15
655,506,10:28:15
619,532,10:28:15
621,519,10:28:15
692,523,10:28:15
775,506,10:28:15
798,510,10:28:15
792,512,10:28:15
795,525,10:28:15
812,519,10:28:15
776,508,10:28:15
779,502,10:28:15
813,503,10:28:15
782,506,10:28:15
697,517,10:28:15
752,522,10:28:15
752,514,10:28:15
747,522,10:28:15
746,539,10:28:15
777,492,10:28:15
831,504,10:28:15
802,514,10:28:16
818,511,10:28:16
818,511,10:28:16
890,515,10:28:16
933,501,10:28:16
901,491,10:28:16
888,461,10:28:16
892,493,10:28:16
942,499,10:28:16
782,513,10:28:16
615,501,10:28:16
544,519,10:28:16
498,536,10:28:16
533,536,10:28:16
544,540,10:28:16
528,537,10:28:16
502,542,10:28:16
504,541,10:28:16
512,547,10:28:16
493,547,10:28:16
509,543,10:28:16
518,529,10:28:16
603,522,10:28:16
617,545,10:28:16
606,536,10:28:16
568,539,10:28:16
639,521,10:28:16
653,540,10:28:16
615,545,10:28:16
639,529,10:28:16
673,503,10:28:17
614,553,10:28:17
672,548,10:28:17
624,531,10:28:17
699,542,10:28:17
718,525,10:28:17
737,511,10:28:17
734,513,10:28:17
706,520,10:28:17
723,549,10:28:17
695,528,10:28:17
709,537,10:28:17
738,533,10:28:17
735,526,10:28:17
737,506,10:28:17
793,527,10:28:17
731,523,10:28:17
810,529,10:28:17
826,524,10:28:17
821,535,10:28:17
812,521,10:28:17
789,516,10:28:17
741,512,10:28:17
864,540,10:28:17
809,522,10:28:17
807,498,10:28:17
862,527,10:28:17
823,518,10:28:17
818,524,10:28:17
863,512,10:28:17
844,480,10:28:18
844,526,10:28:18
882,499,10:28:18
673,484,10:28:18
561,536,10:28:18
533,535,10:28:18
498,513,10:28:18
496,513,10:28:18
507,528,10:28:18
431,548,10:28:18
459,546,10:28:18
485,523,10:28:18
448,528,10:28:18
456,551,10:28:18
486,533,10:28:18
452,533,10:28:18
475,525,10:28:18
490,509,10:28:18
483,501,10:28:18
382,453,10:28:18
426,479,10:28:18
339,344,10:28:18
339,295,10:28:18
377,179,10:28:18
412,103,10:28:18
371,62,10:28:18
377,36,10:28:18
401,42,10:28:18
328,0,10:28:18
411,0,10:28:18
375,0,10:28:19
362,0,10:28:19
341,0,10:28:19
314,5,10:28:19
331,0,10:28:19
510,0,10:28:19
444,0,10:28:19
516,0,10:28:19
463,0,10:28:19
501,0,10:28:19
461,0,10:28:19
473,0,10:28:19
489,0,10:28:19
441,0,10:28:19
461,0,10:28:19
413,0,10:28:19
457,0,10:28:19
421,0,10:28:19
445,0,10:28:19
458,0,10:28:19
482,0,10:28:19
540,0,10:28:19
573,0,10:28:19
569,0,10:28:19
575,0,10:28:19
573,0,10:28:19
573,0,10:28:19
608,0,10:28:19
610,0,10:28:19
606,0,10:28:19
643,0,10:28:20
705,0,10:28:20
645,0,10:28:20
721,0,10:28:20
698,0,10:28:20
700,0,10:28:20
706,0,10:28:20
674,0,10:28:20
689,0,10:28:20
699,0,10:28:20
638,0,10:28:20
616,0,10:28:20
624,0,10:28:20
581,0,10:28:20
625,0,10:28:20
624,0,10:28:20
608,0,10:28:20
590,0,10:28:20
554,0,10:28:20
585,0,10:28:20
646,0,10:28:20
625,0,10:28:20
638,0,10:28:20
698,0,10:28:20
704,0,10:28:20
680,0,10:28:20
657,0,10:28:20
680,0,10:28:20
678,0,10:28:20
669,0,10:28:20
622,0,10:28:21
699,0,10:28:21
660,0,10:28:21
695,0,10:28:21
718,0,10:28:21
701,0,10:28:21
695,0,10:28:21
705,0,10:28:21
714,0,10:28:21
722,0,10:28:21
724,0,10:28:21
695,0,10:28:21
658,0,10:28:21
725,0,10:28:21
712,0,10:28:21
649,0,10:28:21
674,0,10:28:21
713,0,10:28:21
749,0,10:28:21
715,0,10:28:21
732,0,10:28:21
805,0,10:28:21
786,0,10:28:21
726,0,10:28:21
762,0,10:28:21
734,0,10:28:21
802,0,10:28:21
776,0,10:28:21
799,0,10:28:21
801,0,10:28:21
804,0,10:28:21
845,0,10:28:22
815,0,10:28:22
813,0,10:28:22
791,0,10:28:22
755,0,10:28:22
716,0,10:28:22
734,0,10:28:22
739,0,10:28:22
722,0,10:28:22
734,0,10:28:22
771,0,10:28:22
814,0,10:28:22
873,0,10:28:22
845,0,10:28:22
821,0,10:28:22
813,0,10:28:22
873,0,10:28:22
868,0,10:28:22
893,0,10:28:22
888,0,10:28:22
861,0,10:28:22
837,0,10:28:22
888,0,10:28:22
907,0,10:28:22
891,0,10:28:22
943,0,10:28:22
906,0,10:28:22
920,0,10:28:22
704,0,10:28:22
490,0,10:28:22
399,0,10:28:23
427,0,10:28:23
421,0,10:28:23
413,0,10:28:23
363,0,10:28:23
361,8,10:28:23
412,5,10:28:23
386,0,10:28:23
417,0,10:28:23
400,0,10:28:23
418,0,10:28:23
383,1,10:28:23
363,10,10:28:23
338,7,10:28:23
407,0,10:28:23
434,25,10:28:23
486,0,10:28:23
413,24,10:28:23
434,14,10:28:23
446,40,10:28:23
442,0,10:28:23
436,8,10:28:23
396,0,10:28:23
377,0,10:28:23
373,4,10:28:23
391,0,10:28:23
435,3,10:28:23
406,23,10:28:23
405,28,10:28:23
432,5,10:28:23
439,0,10:28:24
465,0,10:28:24
474,0,10:28:24
460,0,10:28:24
476,35,10:28:24
485,0,10:28:24
414,50,10:28:24
468,36,10:28:24
410,14,10:28:24
385,17,10:28:24
463,0,10:28:24
434,0,10:28:24
422,0,10:28:24
397,0,10:28:24
375,0,10:28:24
433,5,10:28:24
413,0,10:28:24
462,0,10:28:24
433,0,10:28:24
434,0,10:28:24
424,0,10:28:24
394,47,10:28:24
375,34,10:28:24
330,89,10:28:24
356,87,10:28:24
304,77,10:28:24
339,98,10:28:24
352,54,10:28:24
374,65,10:28:24
299,60,10:28:24
349,62,10:28:25
317,83,10:28:25
312,55,10:28:25
342,52,10:28:25
356,70,10:28:25
379,92,10:28:25
373,90,10:28:25
374,76,10:28:25
384,16,10:28:25
350,81,10:28:25
338,64,10:28:25
388,50,10:28:25
304,67,10:28:25
325,76,10:28:25
346,36,10:28:25
410,74,10:28:25
372,76,10:28:25
453,72,10:28:25
418,83,10:28:25
452,64,10:28:25
397,72,10:28:25
416,72,10:28:25
501,65,10:28:25
487,47,10:28:25
487,56,10:28:25
436,50,10:28:25
524,45,10:28:25
499,27,10:28:25
491,58,10:28:25
481,45,10:28:25
515,8,10:28:26
538,48,10:28:26
468,44,10:28:26
577,16,10:28:26
504,108,10:28:26
568,20,10:28:26
590,45,10:28:26
614,65,10:28:26
653,74,10:28:26
645,38,10:28:26
607,10,10:28:26
640,12,10:28:26
654,16,10:28:26
668,47,10:28:26
609,86,10:28:26
588,58,10:28:26
696,43,10:28:26
708,42,10:28:26
734,59,10:28:26
706,67,10:28:26
726,14,10:28:26
706,17,10:28:26
717,101,10:28:26
685,42,10:28:26
702,21,10:28:26
704,39,10:28:26
795,20,10:28:26
886,7,10:28:26
831,1,10:28:26
901,56,10:28:26
853,31,10:28:26
869,23,10:28:27
866,18,10:28:27
846,27,10:28:27
866,0,10:28:27
908,28,10:28:27
874,33,10:28:27
840,6,10:28:27
893,6,10:28:27
901,36,10:28:27
924,45,10:28:27
858,49,10:28:27
578,107,10:28:27
362,104,10:28:27
333,110,10:28:27
320,96,10:28:27
311,108,10:28:27
307,107,10:28:27
290,130,10:28:27
306,140,10:28:27
277,164,10:28:27
326,104,10:28:27
336,112,10:28:27
316,114,10:28:27
400,117,10:28:27
394,118,10:28:27
385,136,10:28:27
380,110,10:28:27
419,134,10:28:27
408,142,10:28:27
444,105,10:28:27
460,155,10:28:28
460,107,10:28:28
475,143,10:28:28
420,113,10:28:28
459,132,10:28:28
461,109,10:28:28
433,103,10:28:28
484,139,10:28:28
557,132,10:28:28
549,144,10:28:28
529,154,10:28:28
527,147,10:28:28
605,117,10:28:28
587,106,10:28:28
582,140,10:28:28
536,134,10:28:28
516,155,10:28:28
597,95,10:28:28
691,68,10:28:28
682,101,10:28:28
640,111,10:28:28
636,98,10:28:28
678,95,10:28:28
672,93,10:28:28
635,167,10:28:28
619,93,10:28:28
625,128,10:28:28
545,151,10:28:28
632,71,10:28:28
558,149,10:28:28
569,106,10:28:29
535,206,10:28:29
523,141,10:28:29
524,116,10:28:29
523,152,10:28:29
543,158,10:28:29
521,121,10:28:29
590,138,10:28:29
606,91,10:28:29
671,67,10:28:29
674,80,10:28:29
603,141,10:28:29
648,93,10:28:29
646,89,10:28:29
606,63,10:28:29
603,151,10:28:29
667,87,10:28:29
646,97,10:28:29
633,85,10:28:29
706,110,10:28:29
686,64,10:28:29
663,130,10:28:29
633,179,10:28:29
672,127,10:28:29
642,137,10:28:29
623,101,10:28:29
600,127,10:28:29
661,67,10:28:29
690,141,10:28:29
661,98,10:28:29
689,115,10:28:30
785,82,10:28:30
752,126,10:28:30
702,143,10:28:30
738,73,10:28:30
777,136,10:28:30
724,124,10:28:30
834,97,10:28:30
895,114,10:28:30
859,122,10:28:30
901,118,10:28:30
904,102,10:28:30
891,53,10:28:30
887,88,10:28:30
944,116,10:28:30
923,109,10:28:30
903,80,10:28:30
918,116,10:28:30
909,134,10:28:30
902,83,10:28:30
924,100,10:28:30
860,69,10:28:30
903,102,10:28:30
894,116,10:28:30
890,115,10:28:30
915,93,10:28:30
943,120,10:28:30
854,103,10:28:30
911,113,10:28:30
906,66,10:28:30
956,131,10:28:31
897,127,10:28:31
909,99,10:28:31
963,116,10:28:31
969,49,10:28:31
974,123,10:28:31
918,101,10:28:31
911,119,10:28:31
898,89,10:28:31
895,90,10:28:31
903,140,10:28:31
933,72,10:28:31
904,119,10:28:31
915,81,10:28:31
954,84,10:28:31
1008,97,10:28:31
952,111,10:28:31
914,105,10:28:31
968,58,10:28:31
933,112,10:28:31
910,69,10:28:31
930,49,10:28:31
941,114,10:28:31
943,74,10:28:31
981,102,10:28:31
869,431,10:28:31
916,531,10:28:31
894,525,10:28:31
755,451,10:28:31
640,439,10:28:31
531,471,10:28:32
438,440,10:28:32
375,436,10:28:32
308,426,10:28:32
341,428,10:28:32
281,438,10:28:32
376,372,10:28:32
336,417,10:28:32
350,337,10:28:32
334,331,10:28:32
364,381,10:28:32
366,291,10:28:32
260,337,10:28:32
276,299,10:28:32
327,339,10:28:32
267,336,10:28:32
321,296,10:28:32
286,278,10:28:32
241,338,10:28:32
323,257,10:28:32
300,276,10:28:32
244,299,10:28:32
246,271,10:28:32
275,260,10:28:32
302,260,10:28:32
260,315,10:28:32
362,293,10:28:32
434,253,10:28:32
378,293,10:28:32
439,274,10:28:32
458,273,10:28:32
412,264,10:28:33
381,287,10:28:33
409,222,10:28:33
369,310,10:28:33
357,269,10:28:33
480,233,10:28:33
466,249,10:28:33
454,265,10:28:33
475,228,10:28:33
496,267,10:28:33
491,243,10:28:33
474,265,10:28:33
435,262,10:28:33
473,283,10:28:33
549,245,10:28:33
530,222,10:28:33
392,261,10:28:33
379,256,10:28:33
438,241,10:28:33
386,245,10:28:33
405,275,10:28:33
441,245,10:28:33
465,268,10:28:33
486,235,10:28:33
459,268,10:28:33
487,230,10:28:33
440,248,10:28:33
489,279,10:28:33
550,219,10:28:33
527,199,10:28:33
484,236,10:28:34
559,205,10:28:34
587,248,10:28:34
622,184,10:28:34
613,254,10:28:34
630,229,10:28:34
575,260,10:28:34
603,228,10:28:34
642,173,10:28:34
619,254,10:28:34
637,172,10:28:34
610,232,10:28:34
651,187,10:28:34
613,188,10:28:34
629,242,10:28:34
671,219,10:28:34
656,188,10:28:34
642,237,10:28:34
650,207,10:28:34
620,226,10:28:34
613,223,10:28:34
646,232,10:28:34
647,175,10:28:34
607,224,10:28:34
597,227,10:28:34
611,212,10:28:34
578,218,10:28:34
550,221,10:28:34
606,233,10:28:34
615,177,10:28:34
614,230,10:28:35
633,190,10:28:35
656,175,10:28:35
678,225,10:28:35
622,227,10:28:35
611,208,10:28:35
608,242,10:28:35
672,255,10:28:35
647,230,10:28:35
619,209,10:28:35
677,230,10:28:35
630,233,10:28:35
620,262,10:28:35
769,230,10:28:35
734,216,10:28:35
760,205,10:28:35
745,213,10:28:35
756,189,10:28:35
719,157,10:28:35
702,198,10:28:35
763,209,10:28:35
781,212,10:28:35
842,187,10:28:35
824,171,10:28:35
827,233,10:28:35
859,181,10:28:35
895,164,10:28:35
871,176,10:28:35
885,163,10:28:35
896,192,10:28:35
885,205,10:28:36
884,211,10:28:36
869,157,10:28:36
946,173,10:28:36
736,222,10:28:36
411,291,10:28:36
263,253,10:28:36
292,208,10:28:36
213,266,10:28:36
308,260,10:28:36
304,208,10:28:36
290,219,10:28:36
289,212,10:28:36
360,209,10:28:36
410,188,10:28:36
418,196,10:28:36
374,209,10:28:36
335,249,10:28:36
407,226,10:28:36
392,234,10:28:36
346,227,10:28:36
324,258,10:28:36
311,256,10:28:36
269,291,10:28:36
288,261,10:28:36
308,264,10:28:36
402,314,10:28:36
346,268,10:28:36
399,245,10:28:36
352,269,10:28:36
348,278,10:28:37
430,239,10:28:37
438,231,10:28:37
440,226,10:28:37
429,243,10:28:37
464,270,10:28:37
467,252,10:28:37
523,258,10:28:37
485,259,10:28:37
475,275,10:28:37
505,242,10:28:37
502,274,10:28:37
540,260,10:28:37
515,307,10:28:37
560,265,10:28:37
557,201,10:28:37
556,301,10:28:37
549,291,10:28:37
575,310,10:28:37
585,281,10:28:37
616,266,10:28:37
610,280,10:28:37
577,315,10:28:37
586,296,10:28:37
688,316,10:28:37
649,243,10:28:37
676,231,10:28:37
656,282,10:28:37
657,277,10:28:37
584,363,10:28:37
618,311,10:28:38
615,267,10:28:38
576,250,10:28:38
578,251,10:28:38
639,305,10:28:38
647,277,10:28:38
697,298,10:28:38
672,240,10:28:38
693,278,10:28:38
654,263,10:28:38
755,278,10:28:38
782,229,10:28:38
758,222,10:28:38
794,282,10:28:38
802,260,10:28:38
840,242,10:28:38
816,265,10:28:38
774,271,10:28:38
857,279,10:28:38
874,246,10:28:38
858,284,10:28:38
826,282,10:28:38
796,278,10:28:38
721,297,10:28:38
681,238,10:28:38
728,314,10:28:38
707,302,10:28:38
707,261,10:28:38
712,263,10:28:38
722,297,10:28:38
682,263,10:28:38
704,293,10:28:39
726,281,10:28:39
651,305,10:28:39
724,282,10:28:39
798,276,10:28:39
785,269,10:28:39
795,311,10:28:39
794,306,10:28:39
798,278,10:28:39
798,290,10:28:39
855,316,10:28:39
821,246,10:28:39
829,258,10:28:39
832,227,10:28:39
844,260,10:28:39
847,273,10:28:39
842,285,10:28:39
864,245,10:28:39
864,289,10:28:39
821,259,10:28:39
526,365,10:28:39
317,313,10:28:39
295,336,10:28:39
250,354,10:28:39
294,354,10:28:39
341,315,10:28:39
298,320,10:28:39
349,267,10:28:39
334,303,10:28:39
337,291,10:28:39
268,347,10:28:40
253,350,10:28:40
285,349,10:28:40
270,361,10:28:40
283,286,10:28:40
277,352,10:28:40
271,351,10:28:40
326,320,10:28:40
427,372,10:28:40
353,286,10:28:40
304,367,10:28:40
331,327,10:28:40
353,386,10:28:40
420,345,10:28:40
448,305,10:28:40
453,373,10:28:40
412,373,10:28:40
494,391,10:28:40
511,338,10:28:40
551,306,10:28:40
547,347,10:28:40
512,312,10:28:40
493,327,10:28:40
574,361,10:28:40
524,378,10:28:40
568,330,10:28:40
600,328,10:28:40
585,377,10:28:40
569,384,10:28:40
611,312,10:28:40
690,363,10:28:41
642,379,10:28:41
681,341,10:28:41
699,345,10:28:41
705,345,10:28:41
710,394,10:28:41
601,356,10:28:41
675,369,10:28:41
666,357,10:28:41
708,342,10:28:41
694,339,10:28:41
690,278,10:28:41
757,354,10:28:41
751,338,10:28:41
800,363,10:28:41
840,339,10:28:41
816,329,10:28:41
756,333,10:28:41
795,332,10:28:41
754,367,10:28:41
738,326,10:28:41
807,362,10:28:41
796,386,10:28:41
735,362,10:28:41
793,352,10:28:41
815,353,10:28:41
841,362,10:28:41
855,328,10:28:41
823,350,10:28:41
839,327,10:28:41
654,356,10:28:42
414,394,10:28:42
264,365,10:28:42
293,363,10:28:42
323,298,10:28:42
283,340,10:28:42
303,377,10:28:42
299,356,10:28:42
261,364,10:28:42
310,346,10:28:42
281,356,10:28:42
369,358,10:28:42
313,356,10:28:42
347,363,10:28:42
391,351,10:28:42
404,375,10:28:42
350,381,10:28:42
411,381,10:28:42
367,364,10:28:42
327,394,10:28:42
299,395,10:28:42
321,361,10:28:42
311,384,10:28:42
313,396,10:28:42
329,388,10:28:42
318,411,10:28:42
287,414,10:28:42
382,394,10:28:42
405,386,10:28:42
378,382,10:28:42
443,370,10:28:42
411,383,10:28:43
374,414,10:28:43
366,408,10:28:43
399,390,10:28:43
409,412,10:28:43
385,374,10:28:43
382,381,10:28:43
413,445,10:28:43
359,425,10:28:43
402,407,10:28:43
404,410,10:28:43
416,407,10:28:43
414,421,10:28:43
376,405,10:28:43
380,423,10:28:43
359,396,10:28:43
358,432,10:28:43
463,416,10:28:43
397,405,10:28:43
387,378,10:28:43
408,459,10:28:43
384,434,10:28:43
394,437,10:28:43
408,398,10:28:43
426,422,10:28:43
378,428,10:28:43
485,442,10:28:43
513,432,10:28:43
470,444,10:28:43
516,426,10:28:43
550,448,10:28:44
516,439,10:28:44
542,443,10:28:44
514,438,10:28:44
557,407,10:28:44
582,442,10:28:44
552,429,10:28:44
595,417,10:28:44
619,403,10:28:44
567,414,10:28:44
677,457,10:28:44
591,427,10:28:44
624,431,10:28:44
634,414,10:28:44
609,412,10:28:44
653,444,10:28:44
656,404,10:28:44
640,397,10:28:44
654,412,10:28:44
678,436,10:28:44
628,421,10:28:44
618,427,10:28:44
644,421,10:28:44
781,412,10:28:44
784,405,10:28:44
739,435,10:28:44
734,400,10:28:44
863,380,10:28:44
728,402,10:28:44
716,396,10:28:44
737,387,10:28:45
764,407,10:28:45
750,430,10:28:45
796,398,10:28:45
766,381,10:28:45
831,387,10:28:45
878,412,10:28:45
915,419,10:28:45
974,402,10:28:45
837,387,10:28:45
914,432,10:28:45
918,390,10:28:45
950,383,10:28:45
878,420,10:28:45
649,459,10:28:45
495,450,10:28:45
670,503,10:28:45
867,509,10:28:45
758,469,10:28:45
651,464,10:28:45
603,477,10:28:45
608,479,10:28:45
523,481,10:28:45
585,457,10:28:45
512,472,10:28:45
479,480,10:28:45
523,482,10:28:45
582,479,10:28:45
536,442,10:28:45
556,465,10:28:45
615,395,10:28:46
611,401,10:28:46
567,405,10:28:46
637,398,10:28:46
678,393,10:28:46
676,390,10:28:46
686,363,10:28:46
648,343,10:28:46
748,359,10:28:46
657,342,10:28:46
688,360,10:28:46
681,369,10:28:46
686,356,10:28:46
648,394,10:28:46
629,378,10:28:46
645,388,10:28:46
634,419,10:28:46
672,392,10:28:46
661,380,10:28:46
691,365,10:28:46
657,425,10:28:46
693,367,10:28:46
655,373,10:28:46
701,411,10:28:46
702,369,10:28:46
678,410,10:28:46
690,394,10:28:46
685,365,10:28:46
723,368,10:28:46
741,372,10:28:46
751,369,10:28:47
730,395,10:28:47
743,384,10:28:47
695,352,10:28:47
755,358,10:28:47
761,386,10:28:47
725,362,10:28:47
818,377,10:28:47
794,357,10:28:47
816,364,10:28:47
850,366,10:28:47
768,348,10:28:47
809,388,10:28:47
823,388,10:28:47
803,374,10:28:47
749,363,10:28:47
829,378,10:28:47
880,360,10:28:47
885,378,10:28:47
881,372,10:28:47
829,365,10:28:47
890,380,10:28:47
904,368,10:28:47
902,383,10:28:47
937,395,10:28:47
936,372,10:28:47
875,381,10:28:47
898,370,10:28:47
928,369,10:28:47
915,390,10:28:47
770,427,10:28:48
561,428,10:28:48
470,443,10:28:48
506,459,10:28:48
448,431,10:28:48
485,438,10:28:48
526,414,10:28:48
466,438,10:28:48
465,436,10:28:48
433,461,10:28:48
426,434,10:28:48
468,429,10:28:48
492,425,10:28:48
457,446,10:28:48
491,440,10:28:48
541,464,10:28:48
567,467,10:28:48
589,462,10:28:48
549,451,10:28:48
492,446,10:28:48
513,460,10:28:48
532,472,10:28:48
497,462,10:28:48
524,476,10:28:48
472,476,10:28:48
508,469,10:28:48
505,472,10:28:48
561,448,10:28:48
621,467,10:28:48
616,455,10:28:48
599,444,10:28:48
621,489,10:28:49
575,480,10:28:49
618,474,10:28:49
588,496,10:28:49
574,458,10:28:49
548,464,10:28:49
529,457,10:28:49
483,443,10:28:49
490,489,10:28:49
516,493,10:28:49
536,470,10:28:49
485,501,10:28:49
519,485,10:28:49
559,449,10:28:49
614,462,10:28:49
594,502,10:28:49
608,462,10:28:49
582,476,10:28:49
682,441,10:28:49
612,473,10:28:49
681,484,10:28:49
657,484,10:28:49
626,470,10:28:49
633,484,10:28:49
664,479,10:28:49
676,461,10:28:49
728,473,10:28:49
687,493,10:28:49
687,465,10:28:49
755,473,10:28:49
708,477,10:28:50
687,457,10:28:50
727,487,10:28:50
713,471,10:28:50
753,455,10:28:50
752,472,10:28:50
763,468,10:28:50
735,461,10:28:50
679,496,10:28:50
731,452,10:28:50
815,446,10:28:50
805,443,10:28:50
802,465,10:28:50
810,472,10:28:50
824,421,10:28:50
844,453,10:28:50
804,471,10:28:50
861,433,10:28:50
857,465,10:28:50
891,459,10:28:50
887,475,10:28:50
872,450,10:28:50
873,441,10:28:50
865,451,10:28:50
833,483,10:28:50
838,453,10:28:50
902,450,10:28:50
904,464,10:28:50
927,476,10:28:50
847,453,10:28:50
1009,446,10:28:51
949,442,10:28:51
915,429,10:28:51
952,450,10:28:51
899,426,10:28:51
977,448,10:28:51
889,461,10:28:51
854,442,10:28:51
860,459,10:28:51
849,472,10:28:51
857,454,10:28:51
863,447,10:28:51
805,464,10:28:51
868,443,10:28:51
809,443,10:28:51
794,461,10:28:51
811,481,10:28:51
856,461,10:28:51
779,464,10:28:51
882,444,10:28:51
910,431,10:28:51
962,478,10:28:51
915,443,10:28:51
954,441,10:28:51
942,499,10:28:51
923,441,10:28:51
975,442,10:28:51
1044,445,10:28:51
1111,428,10:28:51
1082,447,10:28:51
1111,431,10:28:52
1044,424,10:28:52
1071,447,10:28:52
1106,444,10:28:52
1039,415,10:28:52
1096,457,10:28:52
1141,420,10:28:52
1109,450,10:28:52
1154,431,10:28:52
1134,439,10:28:52
1111,433,10:28:52
1150,429,10:28:52
1142,415,10:28:52
1136,411,10:28:52
1068,422,10:28:52
1122,397,10:28:52
1060,457,10:28:52
1113,432,10:28:52
1152,414,10:28:52
1123,418,10:28:52
1155,344,10:28:52
1153,407,10:28:52
1184,404,10:28:52
1170,421,10:28:52
1206,424,10:28:52
1171,364,10:28:52
1188,377,10:28:52
1239,405,10:28:52
1194,369,10:28:52
1180,359,10:28:52
1184,374,10:28:53
1189,370,10:28:53
1170,406,10:28:53
1165,410,10:28:53
1165,426,10:28:53
1174,386,10:28:53
1100,354,10:28:53
1168,398,10:28:53
1183,428,10:28:53
1126,407,10:28:53
1166,406,10:28:53
1198,387,10:28:53
1124,378,10:28:53
1134,373,10:28:53
1190,392,10:28:53
1217,404,10:28:53
1201,377,10:28:53
1135,391,10:28:53
1057,442,10:28:53
1034,421,10:28:53
1004,416,10:28:53
1038,441,10:28:53
1032,448,10:28:53
1029,424,10:28:53
1058,412,10:28:53
1101,396,10:28:53
1001,432,10:28:53
1080,414,10:28:53
1101,438,10:28:53
1086,419,10:28:53
1103,427,10:28:54
1095,419,10:28:54
1137,431,10:28:54
1093,266,10:28:54
1167,22,10:28:54
1168,0,10:28:54
1189,0,10:28:54
1224,0,10:28:54
1222,0,10:28:54
1226,0,10:28:54
1267,0,10:28:54
1241,0,10:28:54
1260,0,10:28:54
1209,0,10:28:54
1211,0,10:28:54
1203,0,10:28:54
1241,0,10:28:54
1216,0,10:28:54
1227,0,10:28:54
1238,0,10:28:54
1252,0,10:28:54
1228,0,10:28:54
1251,0,10:28:54
1243,0,10:28:54
1180,0,10:28:54
1213,0,10:28:54
1186,0,10:28:54
1173,0,10:28:54
1183,0,10:28:54
1206,0,10:28:54
1169,0,10:28:54
1213,0,10:28:55
1200,0,10:28:55
1028,146,10:28:55
903,507,10:28:55
964,553,10:28:55
932,555,10:28:55
800,513,10:28:55
732,470,10:28:55
605,470,10:28:55
625,475,10:28:55
607,482,10:28:55
548,464,10:28:55
509,483,10:28:55
469,488,10:28:55
453,482,10:28:55
405,513,10:28:55
393,480,10:28:55
383,484,10:28:55
392,459,10:28:55
395,480,10:28:55
396,496,10:28:55
392,509,10:28:55
367,492,10:28:55
418,461,10:28:55
412,514,10:28:55
381,515,10:28:55
329,477,10:28:55
316,469,10:28:55
412,501,10:28:55
375,484,10:28:55
470,503,10:28:56
420,460,10:28:56
396,507,10:28:56
420,471,10:28:56
386,499,10:28:56
382,495,10:28:56
410,507,10:28:56
389,509,10:28:56
416,502,10:28:56
387,476,10:28:56
418,501,10:28:56
387,493,10:28:56
383,483,10:28:56
354,469,10:28:56
409,482,10:28:56
361,465,10:28:56
444,505,10:28:56
477,498,10:28:56
557,487,10:28:56
475,487,10:28:56
471,444,10:28:56
478,533,10:28:56
531,509,10:28:56
465,514,10:28:56
478,513,10:28:56
479,484,10:28:56
427,488,10:28:56
433,511,10:28:56
425,507,10:28:56
372,518,10:28:56
429,504,10:28:57
405,503,10:28:57
445,526,10:28:57
428,487,10:28:57
427,525,10:28:57
453,515,10:28:57
396,473,10:28:57
277,463,10:28:57
158,362,10:28:57
145,321,10:28:57
141,332,10:28:57
133,370,10:28:57
121,338,10:28:57
142,335,10:28:57
153,332,10:28:57
148,345,10:28:57
148,357,10:28:57
87,416,10:28:57
159,319,10:28:57
131,319,10:28:57
76,375,10:28:57
125,310,10:28:57
152,337,10:28:57
149,358,10:28:57
161,379,10:28:57
191,405,10:28:57
173,416,10:28:57
244,421,10:28:57
248,402,10:28:57
250,391,10:28:57
234,396,10:28:58
165,392,10:28:58
200,401,10:28:58
201,407,10:28:58
279,372,10:28:58
171,380,10:28:58
146,390,10:28:58
149,394,10:28:58
159,337,10:28:58
171,342,10:28:58
126,304,10:28:58
122,310,10:28:58
100,307,10:28:58
138,284,10:28:58
130,301,10:28:58
98,352,10:28:58
139,299,10:28:58
149,316,10:28:58
202,263,10:28:58
128,297,10:28:58
137,285,10:28:58
110,316,10:28:58
181,307,10:28:58
159,313,10:28:58
130,294,10:28:58
103,324,10:28:58
137,304,10:28:58
112,329,10:28:58
162,285,10:28:58
189,328,10:28:58
150,363,10:28:59
129,351,10:28:59
154,349,10:28:59
189,349,10:28:59
137,364,10:28:59
157,377,10:28:59
141,383,10:28:59
133,413,10:28:59
215,396,10:28:59
198,357,10:28:59
141,449,10:28:59
379,482,10:28:59
879,522,10:28:59
899,577,10:28:59
895,530,10:28:59
906,501,10:28:59
937,488,10:28:59
908,496,10:28:59
923,478,10:28:59
946,501,10:28:59
948,497,10:28:59
927,485,10:28:59
900,535,10:28:59
905,508,10:28:59
910,517,10:28:59
885,542,10:28:59
909,531,10:28:59
854,522,10:28:59
817,534,10:28:59
879,504,10:28:59
835,537,10:28:59
839,514,10:29:00
702,541,10:29:00
662,540,10:29:00
672,520,10:29:00
688,548,10:29:00
679,539,10:29:00
671,542,10:29:00
710,546,10:29:00
758,542,10:29:00
692,549,10:29:00
613,523,10:29:00
594,493,10:29:00
585,488,10:29:00
582,505,10:29:00
608,499,10:29:00
571,519,10:29:00
620,500,10:29:00
597,481,10:29:00
576,526,10:29:00
623,478,10:29:00
607,479,10:29:00
588,483,10:29:00
548,486,10:29:00
625,507,10:29:00
635,480,10:29:00
759,476,10:29:00
710,502,10:29:00
762,499,10:29:00
763,481,10:29:00
740,506,10:29:00
737,506,10:29:01
687,501,10:29:01
752,480,10:29:01
739,509,10:29:01
731,516,10:29:01
788,496,10:29:01
793,484,10:29:01
772,536,10:29:01
823,511,10:29:01
792,504,10:29:01
815,520,10:29:01
797,528,10:29:01
785,506,10:29:01
789,463,10:29:01
827,470,10:29:01
831,499,10:29:01
848,465,10:29:01
766,503,10:29:01
843,493,10:29:01
759,484,10:29:01
800,505,10:29:01
710,472,10:29:01
759,460,10:29:01
709,482,10:29:01
718,460,10:29:01
702,460,10:29:01
698,465,10:29:01
706,454,10:29:01
734,459,10:29:01
717,452,10:29:01
636,454,10:29:02
680,471,10:29:02
682,469,10:29:02
681,452,10:29:02
708,463,10:29:02
705,454,10:29:02
680,465,10:29:02
693,456,10:29:02
577,471,10:29:02
575,456,10:29:02
556,472,10:29:02
627,453,10:29:02
508,450,10:29:02
441,451,10:29:02
440,429,10:29:02
428,426,10:29:02
352,429,10:29:02
407,437,10:29:02
462,424,10:29:02
458,419,10:29:02
418,415,10:29:02
403,419,10:29:02
433,465,10:29:02
417,490,10:29:02
430,468,10:29:02
475,503,10:29:02
402,479,10:29:02
440,483,10:29:02
500,528,10:29:02
495,509,10:29:02
539,498,10:29:03
443,516,10:29:03
527,539,10:29:03
474,523,10:29:03
493,514,10:29:03
466,527,10:29:03
464,520,10:29:03
467,536,10:29:03
453,526,10:29:03
464,525,10:29:03
466,517,10:29:03
431,519,10:29:03
426,523,10:29:03
443,510,10:29:03
498,506,10:29:03
470,496,10:29:03
547,503,10:29:03
462,492,10:29:03
495,516,10:29:03
548,513,10:29:03
589,521,10:29:03
547,491,10:29:03
554,508,10:29:03
584,492,10:29:03
525,488,10:29:03
408,364,10:29:03
360,238,10:29:03
351,222,10:29:03
382,250,10:29:03
364,205,10:29:03
350,171,10:29:04
355,130,10:29:04
309,139,10:29:04
365,75,10:29:04
335,179,10:29:04
326,157,10:29:04
360,114,10:29:04
410,172,10:29:04
495,151,10:29:04
464,143,10:29:04
474,157,10:29:04
526,126,10:29:04
493,169,10:29:04
454,406,10:29:04
546,525,10:29:04
540,515,10:29:04
561,514,10:29:04
528,541,10:29:04
559,545,10:29:04
544,537,10:29:04
527,559,10:29:04
554,546,10:29:04
540,514,10:29:04
540,570,10:29:04
461,549,10:29:04
514,534,10:29:04
565,524,10:29:04
612,521,10:29:04
614,529,10:29:04
604,538,10:29:04
606,532,10:29:05
583,518,10:29:05
597,538,10:29:05
607,548,10:29:05
592,534,10:29:05
597,517,10:29:05
566,547,10:29:05
636,521,10:29:05
698,532,10:29:05
635,529,10:29:05
644,530,10:29:05
669,515,10:29:05
696,527,10:29:05
630,508,10:29:05
627,526,10:29:05
665,535,10:29:05
631,503,10:29:05
578,527,10:29:05
632,506,10:29:05
574,545,10:29:05
598,531,10:29:05
643,528,10:29:05
634,534,10:29:05
704,521,10:29:05
657,520,10:29:05
669,516,10:29:05
671,487,10:29:05
643,509,10:29:05
701,511,10:29:05
794,502,10:29:05
740,504,10:29:05
729,524,10:29:06
702,516,10:29:06
716,508,10:29:06
797,500,10:29:06
783,478,10:29:06
777,502,10:29:06
777,477,10:29:06
807,493,10:29:06
726,447,10:29:06
687,370,10:29:06
699,319,10:29:06
669,224,10:29:06
667,222,10:29:06
742,158,10:29:06
711,119,10:29:06
732,58,10:29:06
679,87,10:29:06
688,35,10:29:06
703,3,10:29:06
637,0,10:29:06
681,0,10:29:06
588,0,10:29:06
616,0,10:29:06
663,0,10:29:06
643,0,10:29:06
629,0,10:29:06
584,0,10:29:06
608,0,10:29:06
721,0,10:29:06
736,0,10:29:06
735,0,10:29:07
731,0,10:29:07
743,0,10:29:07
782,0,10:29:07
791,0,10:29:07
792,0,10:29:07
791,0,10:29:07
806,0,10:29:07
802,0,10:29:07
784,0,10:29:07
819,0,10:29:07
798,0,10:29:07
792,0,10:29:07
703,0,10:29:07
776,0,10:29:07
762,0,10:29:07
740,0,10:29:07
809,0,10:29:07
773,0,10:29:07
777,0,10:29:07
788,0,10:29:07
757,0,10:29:07
813,0,10:29:07
827,0,10:29:07
813,0,10:29:07
788,0,10:29:07
780,0,10:29:07
803,0,10:29:07
819,0,10:29:07
820,0,10:29:07
826,0,10:29:08
860,0,10:29:08
917,0,10:29:08
933,0,10:29:08
910,0,10:29:08
925,0,10:29:08
897,0,10:29:08
933,0,10:29:08
863,0,10:29:08
900,0,10:29:08
928,0,10:29:08
968,0,10:29:08
898,0,10:29:08
942,0,10:29:08
968,0,10:29:08
911,0,10:29:08
920,0,10:29:08
580,0,10:29:08
415,0,10:29:08
308,0,10:29:08
340,0,10:29:08
342,0,10:29:08
285,0,10:29:08
333,0,10:29:08
312,0,10:29:08
420,0,10:29:08
412,0,10:29:08
434,0,10:29:08
420,0,10:29:08
400,0,10:29:08
395,0,10:29:09
384,0,10:29:09
405,0,10:29:09
359,0,10:29:09
392,0,10:29:09
426,0,10:29:09
506,0,10:29:09
503,0,10:29:09
471,0,10:29:09
440,0,10:29:09
574,0,10:29:09
587,0,10:29:09
606,0,10:29:09
589,0,10:29:09
580,0,10:29:09
606,0,10:29:09
604,0,10:29:09
626,0,10:29:09
636,0,10:29:09
688,0,10:29:09
672,0,10:29:09
728,0,10:29:09
944,506,10:29:09
936,476,10:29:09
795,390,10:29:09
768,325,10:29:09
711,215,10:29:09
726,184,10:29:09
776,41,10:29:09
728,82,10:29:09
783,38,10:29:10
778,14,10:29:10
744,3,10:29:10
762,0,10:29:10
747,0,10:29:10
755,0,10:29:10
722,0,10:29:10
775,0,10:29:10
727,0,10:29:10
736,0,10:29:10
728,0,10:29:10
735,0,10:29:10
796,0,10:29:10
736,0,10:29:10
782,0,10:29:10
784,0,10:29:10
798,0,10:29:10
767,0,10:29:10
745,0,10:29:10
866,0,10:29:10
810,0,10:29:10
862,0,10:29:10
860,0,10:29:10
802,0,10:29:10
864,0,10:29:10
910,0,10:29:10
939,0,10:29:10
933,0,10:29:10
886,0,10:29:10
914,0,10:29:10
979,0,10:29:11
919,0,10:29:11
953,0,10:29:11
939,0,10:29:11
958,0,10:29:11
983,0,10:29:11
954,0,10:29:11
961,0,10:29:11
931,0,10:29:11
918,0,10:29:11
951,0,10:29:11
911,0,10:29:11
933,0,10:29:11
964,0,10:29:11
970,0,10:29:11
987,0,10:29:11
983,0,10:29:11
972,0,10:29:11
955,0,10:29:11
1024,0,10:29:11
811,0,10:29:11
500,0,10:29:11
373,0,10:29:11
390,0,10:29:11
318,0,10:29:11
413,0,10:29:11
364,0,10:29:11
386,0,10:29:11
336,0,10:29:11
365,0,10:29:11
359,0,10:29:11
339,0,10:29:12
481,0,10:29:12
474,0,10:29:12
413,0,10:29:12
456,0,10:29:12
469,0,10:29:12
456,0,10:29:12
530,0,10:29:12
461,0,10:29:12
458,0,10:29:12
451,0,10:29:12
442,0,10:29:12
483,0,10:29:12
593,0,10:29:12
537,0,10:29:12
579,0,10:29:12
576,0,10:29:12
535,0,10:29:12
588,0,10:29:12
621,0,10:29:12
628,0,10:29:12
658,0,10:29:12
607,0,10:29:12
634,0,10:29:12
577,0,10:29:12
495,5,10:29:12
566,0,10:29:12
485,3,10:29:12
471,0,10:29:12
539,0,10:29:12
726,0,10:29:13
733,0,10:29:13
716,0,10:29:13
742,0,10:29:13
709,0,10:29:13
719,0,10:29:13
751,0,10:29:13
752,0,10:29:13
740,0,10:29:13
742,0,10:29:13
825,0,10:29:13
823,0,10:29:13
781,0,10:29:13
813,0,10:29:13
963,0,10:29:13
1009,0,10:29:13
977,0,10:29:13
1003,0,10:29:13
972,0,10:29:13
936,0,10:29:13
941,0,10:29:13
929,0,10:29:13
942,0,10:29:13
876,0,10:29:13
965,0,10:29:13
886,0,10:29:13
942,0,10:29:13
985,0,10:29:13
959,0,10:29:13
1013,0,10:29:13
1003,0,10:29:14
1014,0,10:29:14
1026,0,10:29:14
1028,0,10:29:14
679,0,10:29:14
369,10,10:29:14
334,0,10:29:14
335,0,10:29:14
327,0,10:29:14
346,0,10:29:14
334,0,10:29:14
289,0,10:29:14
337,0,10:29:14
410,0,10:29:14
386,0,10:29:14
434,0,10:29:14
349,0,10:29:14
392,0,10:29:14
675,380,10:29:14
963,518,10:29:14
850,427,10:29:14
674,432,10:29:14
678,314,10:29:14
939,153,10:29:14
928,19,10:29:14
952,0,10:29:14
969,0,10:29:14
947,0,10:29:14
973,0,10:29:14
950,0,10:29:14
1034,0,10:29:15
1040,0,10:29:15
1032,0,10:29:15
1000,0,10:29:15
1038,0,10:29:15
1005,0,10:29:15
970,0,10:29:15
1017,0,10:29:15
1047,0,10:29:15
998,0,10:29:15
926,0,10:29:15
920,0,10:29:15
880,0,10:29:15
910,0,10:29:15
900,0,10:29:15
957,0,10:29:15
901,0,10:29:15
888,0,10:29:15
877,0,10:29:15
904,0,10:29:15
845,0,10:29:15
851,0,10:29:15
837,0,10:29:15
835,0,10:29:15
868,0,10:29:15
804,0,10:29:15
823,0,10:29:15
802,0,10:29:15
847,0,10:29:15
853,0,10:29:15
781,0,10:29:16
580,0,10:29:16
526,0,10:29:16
488,0,10:29:16
531,0,10:29:16
508,0,10:29:16
498,0,10:29:16
536,0,10:29:16
524,0,10:29:16
506,0,10:29:16
549,0,10:29:16
542,0,10:29:16
498,0,10:29:16
560,0,10:29:16
522,0,10:29:16
520,0,10:29:16
576,0,10:29:16
542,0,10:29:16
546,0,10:29:16
525,23,10:29:16
553,0,10:29:16
531,0,10:29:16
535,0,10:29:16
536,0,10:29:16
544,0,10:29:16
522,0,10:29:16
491,0,10:29:16
569,0,10:29:16
541,8,10:29:16
564,0,10:29:16
644,0,10:29:16
605,1,10:29:17
669,0,10:29:17
659,0,10:29:17
596,0,10:29:17
633,1,10:29:17
671,0,10:29:17
640,1,10:29:17
666,0,10:29:17
734,0,10:29:17
717,0,10:29:17
723,0,10:29:17
757,0,10:29:17
704,0,10:29:17
767,26,10:29:17
754,0,10:29:17
797,0,10:29:17
768,0,10:29:17
740,0,10:29:17
765,0,10:29:17
824,0,10:29:17
765,16,10:29:17
789,0,10:29:17
815,9,10:29:17
807,0,10:29:17
823,0,10:29:17
831,0,10:29:17
859,0,10:29:17
812,0,10:29:17
837,0,10:29:17
825,0,10:29:17
842,14,10:29:18
907,11,10:29:18
939,0,10:29:18
913,0,10:29:18
950,0,10:29:18
945,0,10:29:18
960,0,10:29:18
881,0,10:29:18
961,0,10:29:18
1031,0,10:29:18
966,0,10:29:18
951,0,10:29:18
963,0,10:29:18
974,0,10:29:18
959,0,10:29:18
1011,0,10:29:18
1002,0,10:29:18
970,0,10:29:18
1009,0,10:29:18
1001,0,10:29:18
904,0,10:29:18
620,66,10:29:18
503,49,10:29:18
567,23,10:29:18
546,7,10:29:18
628,15,10:29:18
600,30,10:29:18
605,6,10:29:18
587,33,10:29:18
550,54,10:29:18
540,25,10:29:19
512,12,10:29:19
555,28,10:29:19
597,59,10:29:19
652,27,10:29:19
605,21,10:29:19
618,26,10:29:19
626,102,10:29:19
622,28,10:29:19
704,29,10:29:19
710,32,10:29:19
715,13,10:29:19
752,20,10:29:19
673,43,10:29:19
675,52,10:29:19
698,42,10:29:19
681,61,10:29:19
632,75,10:29:19
618,78,10:29:19
604,30,10:29:19
666,14,10:29:19
588,31,10:29:19
629,60,10:29:19
651,28,10:29:19
787,48,10:29:19
851,35,10:29:19
828,24,10:29:19
831,42,10:29:19
822,23,10:29:19
786,60,10:29:19
820,51,10:29:20
819,46,10:29:20
840,21,10:29:20
820,57,10:29:20
803,43,10:29:20
777,34,10:29:20
780,40,10:29:20
843,42,10:29:20
812,10,10:29:20
754,44,10:29:20
747,37,10:29:20
673,34,10:29:20
682,31,10:29:20
669,55,10:29:20
728,61,10:29:20
625,98,10:29:20
582,99,10:29:20
645,83,10:29:20
602,42,10:29:20
609,67,10:29:20
637,57,10:29:20
587,64,10:29:20
596,53,10:29:20
607,50,10:29:20
608,64,10:29:20
882,0,10:29:20
795,60,10:29:20
819,80,10:29:20
836,36,10:29:20
813,20,10:29:20
867,36,10:29:21
780,42,10:29:21
831,34,10:29:21
810,49,10:29:21
803,21,10:29:21
819,42,10:29:21
852,55,10:29:21
864,33,10:29:21
853,51,10:29:21
855,69,10:29:21
901,53,10:29:21
848,34,10:29:21
839,36,10:29:21
818,43,10:29:21
783,84,10:29:21
820,45,10:29:21
826,80,10:29:21
916,74,10:29:21
937,78,10:29:21
922,61,10:29:21
897,52,10:29:21
889,26,10:29:21
872,22,10:29:21
911,26,10:29:21
908,30,10:29:21
942,28,10:29:21
855,21,10:29:21
893,44,10:29:21
921,30,10:29:21
954,24,10:29:21
1019,0,10:29:22
945,23,10:29:22
939,16,10:29:22
724,76,10:29:22
526,63,10:29:22
523,0,10:29:22
536,29,10:29:22
490,61,10:29:22
521,21,10:29:22
544,38,10:29:22
531,35,10:29:22
530,65,10:29:22
468,85,10:29:22
571,47,10:29:22
561,42,10:29:22
628,47,10:29:22
578,102,10:29:22
612,60,10:29:22
577,84,10:29:22
547,70,10:29:22
541,118,10:29:22
636,113,10:29:22
651,58,10:29:22
660,56,10:29:22
647,94,10:29:22
653,84,10:29:22
696,71,10:29:22
723,105,10:29:22
740,84,10:29:22
737,106,10:29:22
716,87,10:29:23
742,94,10:29:23
667,86,10:29:23
770,79,10:29:23
695,104,10:29:23
744,97,10:29:23
753,87,10:29:23
747,90,10:29:23
630,130,10:29:23
664,126,10:29:23
701,79,10:29:23
721,93,10:29:23
707,57,10:29:23
732,56,10:29:23
771,96,10:29:23
796,100,10:29:23
798,54,10:29:23
770,95,10:29:23
825,89,10:29:23
829,51,10:29:23
819,54,10:29:23
799,85,10:29:23
874,36,10:29:23
881,75,10:29:23
834,88,10:29:23
814,96,10:29:23
897,102,10:29:23
884,104,10:29:23
841,117,10:29:23
868,80,10:29:23
842,56,10:29:23
872,90,10:29:24
860,87,10:29:24
839,77,10:29:24
873,80,10:29:24
860,94,10:29:24
939,116,10:29:24
882,65,10:29:24
916,100,10:29:24
925,105,10:29:24
820,120,10:29:24
908,59,10:29:24
905,114,10:29:24
906,85,10:29:24
932,113,10:29:24
957,85,10:29:24
885,83,10:29:24
929,118,10:29:24
897,109,10:29:24
958,104,10:29:24
897,78,10:29:24
893,61,10:29:24
846,102,10:29:24
895,104,10:29:24
884,129,10:29:24
875,98,10:29:24
892,69,10:29:24
879,118,10:29:24
879,68,10:29:24
838,109,10:29:24
834,60,10:29:24
844,60,10:29:25
820,110,10:29:25
865,66,10:29:25
928,68,10:29:25
932,58,10:29:25
971,53,10:29:25
932,56,10:29:25
908,74,10:29:25
947,54,10:29:25
888,111,10:29:25
890,102,10:29:25
1006,133,10:29:25
1001,92,10:29:25
1007,105,10:29:25
1036,128,10:29:25
1020,98,10:29:25
887,127,10:29:25
676,120,10:29:25
514,147,10:29:25
490,100,10:29:25
490,117,10:29:25
513,84,10:29:25
508,118,10:29:25
528,106,10:29:25
556,126,10:29:25
514,141,10:29:25
622,139,10:29:25
639,148,10:29:25
622,142,10:29:25
542,158,10:29:25
601,164,10:29:26
646,172,10:29:26
604,165,10:29:26
659,142,10:29:26
735,119,10:29:26
719,134,10:29:26
704,165,10:29:26
719,177,10:29:26
685,166,10:29:26
695,171,10:29:26
707,158,10:29:26
708,182,10:29:26
690,190,10:29:26
675,164,10:29:26
665,141,10:29:26
682,184,10:29:26
726,131,10:29:26
656,204,10:29:26
747,143,10:29:26
777,176,10:29:26
746,110,10:29:26
769,146,10:29:26
736,135,10:29:26
745,155,10:29:26
835,96,10:29:26
825,140,10:29:26
812,178,10:29:26
863,155,10:29:26
806,129,10:29:26
801,109,10:29:26
809,128,10:29:27
792,195,10:29:27
830,121,10:29:27
846,180,10:29:27
939,89,10:29:27
919,129,10:29:27
948,105,10:29:27
953,146,10:29:27
940,180,10:29:27
928,128,10:29:27
895,153,10:29:27
931,149,10:29:27
931,167,10:29:27
988,156,10:29:27
1031,150,10:29:27
981,145,10:29:27
964,104,10:29:27
1016,94,10:29:27
918,152,10:29:27
575,273,10:29:27
454,203,10:29:27
528,182,10:29:27
444,215,10:29:27
448,194,10:29:27
435,175,10:29:27
464,191,10:29:27
459,212,10:29:27
476,211,10:29:27
431,238,10:29:27
411,203,10:29:27
473,175,10:29:28
489,202,10:29:28
484,193,10:29:28
459,227,10:29:28
457,190,10:29:28
478,187,10:29:28
502,191,10:29:28
501,232,10:29:28
542,172,10:29:28
499,222,10:29:28
541,228,10:29:28
529,241,10:29:28
503,215,10:29:28
530,193,10:29:28
562,211,10:29:28
503,231,10:29:28
517,168,10:29:28
551,222,10:29:28
507,186,10:29:28
500,249,10:29:28
507,201,10:29:28
559,199,10:29:28
562,228,10:29:28
507,219,10:29:28
592,162,10:29:28
644,203,10:29:28
626,223,10:29:28
623,185,10:29:28
660,214,10:29:28
615,220,10:29:28
643,172,10:29:29
612,240,10:29:29
657,210,10:29:29
662,207,10:29:29
663,251,10:29:29
649,205,10:29:29
605,177,10:29:29
629,197,10:29:29
567,247,10:29:29
564,246,10:29:29
541,194,10:29:29
483,287,10:29:29
539,256,10:29:29
522,237,10:29:29
525,222,10:29:29
506,288,10:29:29
561,229,10:29:29
494,256,10:29:29
534,209,10:29:29
500,271,10:29:29
540,189,10:29:29
502,273,10:29:29
478,303,10:29:29
495,239,10:29:29
439,303,10:29:29
497,255,10:29:29
478,238,10:29:29
507,265,10:29:29
500,248,10:29:29
480,254,10:29:29
473,220,10:29:29
459,246,10:29:30
458,250,10:29:30
486,262,10:29:30
478,226,10:29:30
421,252,10:29:30
457,229,10:29:30
465,230,10:29:30
483,267,10:29:30
498,248,10:29:30
525,249,10:29:30
531,241,10:29:30
496,255,10:29:30
714,242,10:29:30
797,181,10:29:30
812,224,10:29:30
795,213,10:29:30
817,189,10:29:30
815,195,10:29:30
804,235,10:29:30
820,218,10:29:30
801,205,10:29:30
806,200,10:29:30
803,207,10:29:30
766,189,10:29:30
841,202,10:29:30
860,180,10:29:30
837,184,10:29:30
885,148,10:29:30
905,154,10:29:30
849,168,10:29:30
881,205,10:29:31
950,210,10:29:31
948,167,10:29:31
964,231,10:29:31
962,239,10:29:31
942,188,10:29:31
980,197,10:29:31
973,184,10:29:31
1022,242,10:29:31
946,215,10:29:31
1012,173,10:29:31
1048,168,10:29:31
1045,167,10:29:31
864,183,10:29:31
514,259,10:29:31
379,247,10:29:31
399,176,10:29:31
389,214,10:29:31
394,209,10:29:31
429,212,10:29:31
421,225,10:29:31
450,283,10:29:31
386,246,10:29:31
413,200,10:29:31
419,244,10:29:31
505,241,10:29:31
509,242,10:29:31
540,250,10:29:31
480,260,10:29:31
524,272,10:29:31
524,252,10:29:32
489,207,10:29:32
470,230,10:29:32
549,232,10:29:32
513,285,10:29:32
522,275,10:29:32
506,329,10:29:32
549,346,10:29:32
546,238,10:29:32
542,269,10:29:32
528,283,10:29:32
623,300,10:29:32
647,307,10:29:32
644,269,10:29:32
629,254,10:29:32
657,260,10:29:32
690,212,10:29:32
663,226,10:29:32
666,223,10:29:32
749,259,10:29:32
827,227,10:29:32
780,237,10:29:32
782,247,10:29:32
823,206,10:29:32
766,206,10:29:32
772,226,10:29:32
771,256,10:29:32
803,235,10:29:32
876,212,10:29:32
860,161,10:29:32
905,256,10:29:33
891,253,10:29:33
844,187,10:29:33
906,251,10:29:33
914,164,10:29:33
880,199,10:29:33
899,226,10:29:33
971,187,10:29:33
937,234,10:29:33
911,239,10:29:33
924,244,10:29:33
881,218,10:29:33
935,206,10:29:33
913,275,10:29:33
898,204,10:29:33
883,280,10:29:33
918,214,10:29:33
862,240,10:29:33
882,213,10:29:33
880,237,10:29:33
877,230,10:29:33
833,219,10:29:33
836,274,10:29:33
860,267,10:29:33
885,280,10:29:33
887,204,10:29:33
850,248,10:29:33
832,183,10:29:33
894,197,10:29:33
949,224,10:29:33
955,217,10:29:34
924,174,10:29:34
921,196,10:29:34
1000,203,10:29:34
997,212,10:29:34
943,233,10:29:34
998,212,10:29:34
899,199,10:29:34
981,218,10:29:34
947,252,10:29:34
927,220,10:29:34
1001,246,10:29:34
1055,190,10:29:34
1019,203,10:29:34
1051,204,10:29:34
1015,180,10:29:34
856,234,10:29:34
576,243,10:29:34
413,263,10:29:34
495,173,10:29:34
402,213,10:29:34
432,193,10:29:34
450,263,10:29:34
416,259,10:29:34
435,238,10:29:34
469,216,10:29:34
534,251,10:29:34
508,272,10:29:34
508,249,10:29:34
551,191,10:29:34
492,242,10:29:35
503,311,10:29:35
515,272,10:29:35
535,243,10:29:35
479,264,10:29:35
530,274,10:29:35
517,240,10:29:35
469,290,10:29:35
504,311,10:29:35
484,294,10:29:35
508,284,10:29:35
539,269,10:29:35
590,310,10:29:35
658,256,10:29:35
599,249,10:29:35
613,297,10:29:35
613,284,10:29:35
627,265,10:29:35
678,299,10:29:35
685,275,10:29:35
693,293,10:29:35
693,289,10:29:35
664,263,10:29:35
631,303,10:29:35
688,289,10:29:35
759,258,10:29:35
775,274,10:29:35
739,332,10:29:35
705,295,10:29:35
764,246,10:29:35
755,263,10:29:35
687,348,10:29:36
728,369,10:29:36
738,280,10:29:36
694,271,10:29:36
748,294,10:29:36
802,320,10:29:36
914,332,10:29:36
850,287,10:29:36
864,319,10:29:36
853,327,10:29:36
905,274,10:29:36
869,268,10:29:36
843,304,10:29:36
806,289,10:29:36
826,344,10:29:36
828,337,10:29:36
853,330,10:29:36
765,272,10:29:36
541,370,10:29:36
468,346,10:29:36
419,325,10:29:36
418,356,10:29:36
413,335,10:29:36
438,326,10:29:36
434,333,10:29:36
441,366,10:29:36
490,346,10:29:36
383,349,10:29:36
641,346,10:29:36
729,297,10:29:36
704,314,10:29:37
780,315,10:29:37
685,353,10:29:37
831,331,10:29:37
907,292,10:29:37
931,295,10:29:37
932,275,10:29:37
896,302,10:29:37
931,330,10:29:37
913,354,10:29:37
914,259,10:29:37
1003,301,10:29:37
928,303,10:29:37
819,291,10:29:37
888,265,10:29:37
884,281,10:29:37
796,363,10:29:37
676,369,10:29:37
631,363,10:29:37
646,356,10:29:37
614,362,10:29:37
650,378,10:29:37
540,382,10:29:37
525,369,10:29:37
576,432,10:29:37
571,377,10:29:37
583,331,10:29:37
613,366,10:29:37
643,361,10:29:37
926,525,10:29:37
1040,595,10:29:38
1007,623,10:29:38
972,531,10:29:38
909,493,10:29:38
867,497,10:29:38
802,506,10:29:38
756,495,10:29:38
801,523,10:29:38
781,488,10:29:38
820,517,10:29:38
773,531,10:29:38
751,496,10:29:38
792,493,10:29:38
742,497,10:29:38
747,471,10:29:38
841,472,10:29:38
762,447,10:29:38
784,488,10:29:38
850,489,10:29:38
847,460,10:29:38
892,457,10:29:38
835,461,10:29:38
871,455,10:29:38
954,447,10:29:38
942,471,10:29:38
975,454,10:29:38
944,461,10:29:38
994,478,10:29:38
974,438,10:29:38
975,468,10:29:38
944,481,10:29:38
1001,429,10:29:39
929,466,10:29:39
968,422,10:29:39
1098,456,10:29:39
1048,461,10:29:39
1038,431,10:29:39
1074,441,10:29:39
1049,454,10:29:39
1078,446,10:29:39
930,429,10:29:39
687,494,10:29:39
565,458,10:29:39
515,481,10:29:39
546,444,10:29:39
520,446,10:29:39
513,446,10:29:39
452,463,10:29:39
517,489,10:29:39
479,454,10:29:39
525,433,10:29:39
503,487,10:29:39
622,488,10:29:39
588,484,10:29:39
612,480,10:29:39
537,516,10:29:39
583,463,10:29:39
583,475,10:29:39
597,478,10:29:39
692,496,10:29:39
688,479,10:29:39
692,495,10:29:40
743,498,10:29:40
661,469,10:29:40
721,480,10:29:40
811,511,10:29:40
757,463,10:29:40
787,465,10:29:40
737,488,10:29:40
744,459,10:29:40
766,456,10:29:40
857,496,10:29:40
883,438,10:29:40
910,468,10:29:40
871,464,10:29:40
857,429,10:29:40
866,454,10:29:40
935,463,10:29:40
878,476,10:29:40
874,441,10:29:40
956,460,10:29:40
967,418,10:29:40
969,445,10:29:40
943,475,10:29:40
951,477,10:29:40
1009,442,10:29:40
974,427,10:29:40
1000,442,10:29:40
914,442,10:29:40
1048,477,10:29:40
970,464,10:29:40
1019,474,10:29:41
1027,475,10:29:41
1029,433,10:29:41
1028,471,10:29:41
1066,443,10:29:41
1045,454,10:29:41
1043,482,10:29:41
988,454,10:29:41
854,521,10:29:41
593,509,10:29:41
542,446,10:29:41
591,505,10:29:41
522,515,10:29:41
554,536,10:29:41
501,553,10:29:41
505,485,10:29:41
506,497,10:29:41
522,517,10:29:41
519,528,10:29:41
569,522,10:29:41
589,521,10:29:41
643,511,10:29:41
622,516,10:29:41
633,499,10:29:41
589,504,10:29:41
638,542,10:29:41
648,500,10:29:41
597,479,10:29:41
665,495,10:29:41
750,493,10:29:41
714,512,10:29:42
743,504,10:29:42
737,509,10:29:42
731,507,10:29:42
771,488,10:29:42
733,500,10:29:42
712,512,10:29:42
695,483,10:29:42
841,467,10:29:42
803,505,10:29:42
803,520,10:29:42
923,509,10:29:42
812,495,10:29:42
829,468,10:29:42
828,482,10:29:42
826,511,10:29:42
806,488,10:29:42
833,500,10:29:42
868,514,10:29:42
930,487,10:29:42
930,500,10:29:42
957,490,10:29:42
936,509,10:29:42
924,477,10:29:42
905,482,10:29:42
895,470,10:29:42
987,491,10:29:42
896,508,10:29:42
885,484,10:29:42
909,460,10:29:42
919,471,10:29:43
958,455,10:29:43
928,519,10:29:43
938,506,10:29:43
974,510,10:29:43
972,467,10:29:43
905,459,10:29:43
978,491,10:29:43
882,473,10:29:43
923,486,10:29:43
924,466,10:29:43
888,490,10:29:43
1008,475,10:29:43
1050,475,10:29:43
1004,468,10:29:43
1015,476,10:29:43
1008,469,10:29:43
1000,465,10:29:43
1063,470,10:29:43
1063,475,10:29:43
1029,496,10:29:43
1040,459,10:29:43
1050,488,10:29:43
1013,462,10:29:43
1066,473,10:29:43
1032,484,10:29:43
972,457,10:29:43
1068,467,10:29:43
1077,500,10:29:43
1043,474,10:29:43
1085,475,10:29:44
1032,440,10:29:44
1052,479,10:29:44
1064,460,10:29:44
1115,467,10:29:44
881,486,10:29:44
694,509,10:29:44
530,489,10:29:44
542,486,10:29:44
497,485,10:29:44
529,434,10:29:44
549,475,10:29:44
527,524,10:29:44
540,539,10:29:44
531,533,10:29:44
504,527,10:29:44
513,527,10:29:44
457,532,10:29:44
543,515,10:29:44
542,470,10:29:44
553,513,10:29:44
515,502,10:29:44
503,483,10:29:44
479,511,10:29:44
472,530,10:29:44
588,531,10:29:44
578,519,10:29:44
543,497,10:29:44
608,524,10:29:44
518,531,10:29:44
599,549,10:29:45
606,542,10:29:45
620,508,10:29:45
572,520,10:29:45
608,531,10:29:45
625,527,10:29:45
613,514,10:29:45
579,528,10:29:45
680,526,10:29:45
698,508,10:29:45
727,507,10:29:45
719,532,10:29:45
711,524,10:29:45
723,542,10:29:45
682,508,10:29:45
682,490,10:29:45
699,539,10:29:45
702,527,10:29:45
679,539,10:29:45
663,511,10:29:45
717,525,10:29:45
687,536,10:29:45
670,533,10:29:45
692,515,10:29:45
779,510,10:29:45
749,509,10:29:45
762,523,10:29:45
797,545,10:29:45
733,517,10:29:45
801,493,10:29:45
757,510,10:29:45
767,511,10:29:46
813,538,10:29:46
819,535,10:29:46
828,509,10:29:46
830,513,10:29:46
808,526,10:29:46
839,505,10:29:46
815,530,10:29:46
853,521,10:29:46
862,519,10:29:46
920,484,10:29:46
880,502,10:29:46
920,490,10:29:46
1011,487,10:29:46
913,484,10:29:46
895,483,10:29:46
986,512,10:29:46
900,507,10:29:46
954,521,10:29:46
919,508,10:29:46
932,500,10:29:46
972,507,10:29:46
936,480,10:29:46
937,479,10:29:46
999,518,10:29:46
1080,482,10:29:46
975,514,10:29:46
1010,505,10:29:46
981,521,10:29:46
903,505,10:29:46
677,513,10:29:47
569,524,10:29:47
541,543,10:29:47
542,518,10:29:47
550,532,10:29:47
510,549,10:29:47
527,556,10:29:47
523,561,10:29:47
610,546,10:29:47
593,547,10:29:47
627,518,10:29:47
634,534,10:29:47
600,562,10:29:47
538,519,10:29:47
540,544,10:29:47
551,528,10:29:47
540,519,10:29:47
554,512,10:29:47
530,519,10:29:47
691,522,10:29:47
696,547,10:29:47
682,542,10:29:47
685,530,10:29:47
663,553,10:29:47
642,540,10:29:47
715,540,10:29:47
734,525,10:29:47
740,517,10:29:47
718,548,10:29:47
735,528,10:29:47
733,551,10:29:48
758,508,10:29:48
838,520,10:29:48
831,524,10:29:48
857,539,10:29:48
829,535,10:29:48
766,527,10:29:48
849,482,10:29:48
862,533,10:29:48
873,541,10:29:48
887,544,10:29:48
926,523,10:29:48
953,499,10:29:48
994,495,10:29:48
970,492,10:29:48
966,513,10:29:48
915,480,10:29:48
912,510,10:29:48
1000,501,10:29:48
973,518,10:29:48
895,493,10:29:48
922,519,10:29:48
869,531,10:29:48
853,503,10:29:48
870,515,10:29:48
881,504,10:29:48
833,508,10:29:48
886,516,10:29:48
847,507,10:29:48
840,490,10:29:48
919,509,10:29:49
945,523,10:29:49
906,523,10:29:49
1051,525,10:29:49
981,492,10:29:49
957,498,10:29:49
942,532,10:29:49
960,520,10:29:49
964,509,10:29:49
964,505,10:29:49
1012,506,10:29:49
1020,472,10:29:49
1068,433,10:29:49
1120,383,10:29:49
1014,513,10:29:49
987,523,10:29:49
1009,410,10:29:49
1072,367,10:29:49
1142,264,10:29:49
1213,119,10:29:49
1267,92,10:29:49
1280,44,10:29:49
1227,0,10:29:49
1311,0,10:29:49
1296,0,10:29:49
1311,0,10:29:49
1298,0,10:29:49
1311,0,10:29:49
1311,0,10:29:49
1311,0,10:29:49
1280,0,10:29:50
1311,0,10:29:50
1295,0,10:29:50
1304,0,10:29:50
1311,0,10:29:50
1265,0,10:29:50
1298,0,10:29:50
1311,0,10:29:50
1289,0,10:29:50
1309,0,10:29:50
1309,0,10:29:50
1289,0,10:29:50
1286,0,10:29:50
1311,0,10:29:50
1311,0,10:29:50
1311,0,10:29:50
1298,0,10:29:50
1293,0,10:29:50
1279,0,10:29:50
1311,0,10:29:50
1303,0,10:29:50
1246,0,10:29:50
1297,0,10:29:50
1275,0,10:29:50
1281,0,10:29:50
1311,0,10:29:50
1311,0,10:29:50
1285,0,10:29:50
1302,0,10:29:50
1311,0,10:29:50
1300,0,10:29:50
1305,0,10:29:51
1302,0,10:29:51
1256,0,10:29:51
1275,0,10:29:51
1311,0,10:29:51
1262,0,10:29:51
1190,110,10:29:51
1014,487,10:29:51
1027,540,10:29:51
1040,583,10:29:51
932,538,10:29:51
871,552,10:29:51
800,525,10:29:51
783,535,10:29:51
781,526,10:29:51
725,552,10:29:51
654,542,10:29:51
656,513,10:29:51
609,551,10:29:51
633,547,10:29:51
675,547,10:29:51
641,574,10:29:51
594,545,10:29:51
599,548,10:29:51
532,510,10:29:51
557,543,10:29:51
551,544,10:29:51
475,531,10:29:51
520,496,10:29:51
518,511,10:29:51
521,530,10:29:52
579,532,10:29:52
554,559,10:29:52
591,560,10:29:52
558,555,10:29:52
579,551,10:29:52
589,566,10:29:52
576,583,10:29:52
640,555,10:29:52
593,548,10:29:52
606,555,10:29:52
596,539,10:29:52
595,547,10:29:52
635,569,10:29:52
695,545,10:29:52
740,527,10:29:52
703,542,10:29:52
702,533,10:29:52
665,533,10:29:52
711,552,10:29:52
592,520,10:29:52
585,488,10:29:52
563,513,10:29:52
543,505,10:29:52
570,534,10:29:52
586,524,10:29:52
655,538,10:29:52
606,552,10:29:52
641,555,10:29:52
591,552,10:29:52
598,555,10:29:53
562,503,10:29:53
557,559,10:29:53
538,536,10:29:53
556,529,10:29:53
652,550,10:29:53
573,563,10:29:53
590,576,10:29:53
583,520,10:29:53
604,546,10:29:53
542,576,10:29:53
575,544,10:29:53
625,543,10:29:53
550,567,10:29:53
639,538,10:29:53
660,557,10:29:53
619,548,10:29:53
638,544,10:29:53
689,550,10:29:53
752,518,10:29:53
735,526,10:29:53
699,551,10:29:53
721,567,10:29:53
716,538,10:29:53
739,526,10:29:53
744,533,10:29:53
722,529,10:29:53
731,550,10:29:53
737,537,10:29:53
717,537,10:29:53
792,548,10:29:54
841,530,10:29:54
827,539,10:29:54
804,531,10:29:54
776,540,10:29:54
880,545,10:29:54
900,509,10:29:54
818,521,10:29:54
854,526,10:29:54
936,523,10:29:54
840,535,10:29:54
889,552,10:29:54
935,525,10:29:54
968,506,10:29:54
981,519,10:29:54
935,523,10:29:54
947,551,10:29:54
949,508,10:29:54
953,537,10:29:54
982,520,10:29:54
925,546,10:29:54
962,516,10:29:54
995,506,10:29:54
970,533,10:29:54
919,540,10:29:54
981,504,10:29:54
990,524,10:29:54
1030,529,10:29:54
1027,512,10:29:54
1019,535,10:29:54
1070,507,10:29:55
1015,517,10:29:55
1048,518,10:29:55
1017,524,10:29:55
981,499,10:29:55
796,535,10:29:55
622,556,10:29:55
651,516,10:29:55
612,538,10:29:55
610,566,10:29:55
647,564,10:29:55
633,536,10:29:55
614,571,10:29:55
612,549,10:29:55
655,544,10:29:55
691,544,10:29:55
720,558,10:29:55
748,518,10:29:55
710,548,10:29:55
716,543,10:29:55
715,552,10:29:55
703,543,10:29:55
694,550,10:29:55
757,536,10:29:55
748,530,10:29:55
795,533,10:29:55
652,548,10:29:55
753,550,10:29:55
758,531,10:29:55
767,530,10:29:55
953,466,10:29:55
1017,487,10:29:56
981,487,10:29:56
1029,507,10:29:56
1002,506,10:29:56
1022,505,10:29:56
1032,508,10:29:56
961,518,10:29:56
1017,490,10:29:56
996,503,10:29:56
961,532,10:29:56
983,529,10:29:56
999,507,10:29:56
997,491,10:29:56
1006,487,10:29:56
1003,490,10:29:56
913,495,10:29:56
775,489,10:29:56
563,494,10:29:56
557,478,10:29:56
498,482,10:29:56
476,441,10:29:56
527,469,10:29:56
509,504,10:29:56
443,456,10:29:56
474,505,10:29:56
525,474,10:29:56
465,508,10:29:56
458,487,10:29:56
633,478,10:29:56
590,502,10:29:57
601,502,10:29:57
600,514,10:29:57
603,503,10:29:57
623,499,10:29:57
604,469,10:29:57
559,390,10:29:57
544,387,10:29:57
530,225,10:29:57
523,133,10:29:57
504,98,10:29:57
509,77,10:29:57
557,62,10:29:57
514,62,10:29:57
540,35,10:29:57
528,55,10:29:57
620,20,10:29:57
735,37,10:29:57
763,31,10:29:57
813,0,10:29:57
818,0,10:29:57
824,36,10:29:57
783,16,10:29:57
790,14,10:29:57
806,13,10:29:57
680,0,10:29:57
646,12,10:29:57
579,37,10:29:57
585,37,10:29:57
370,61,10:29:57
383,55,10:29:57
321,104,10:29:58
362,85,10:29:58
334,70,10:29:58
352,74,10:29:58
337,86,10:29:58
347,102,10:29:58
362,76,10:29:58
381,95,10:29:58
431,125,10:29:58
432,93,10:29:58
451,69,10:29:58
468,92,10:29:58
467,45,10:29:58
458,94,10:29:58
460,50,10:29:58
469,49,10:29:58
455,114,10:29:58
418,132,10:29:58
394,108,10:29:58
464,70,10:29:58
528,165,10:29:58
586,98,10:29:58
557,74,10:29:58
606,27,10:29:58
576,79,10:29:58
606,82,10:29:58
584,72,10:29:58
614,105,10:29:58
590,95,10:29:58
641,62,10:29:58
667,83,10:29:59
679,61,10:29:59
702,38,10:29:59
653,79,10:29:59
655,65,10:29:59
772,33,10:29:59
799,72,10:29:59
806,57,10:29:59
807,4,10:29:59
797,0,10:29:59
806,42,10:29:59
825,0,10:29:59
906,0,10:29:59
876,12,10:29:59
970,18,10:29:59
887,17,10:29:59
857,43,10:29:59
936,12,10:29:59
938,83,10:29:59
872,0,10:29:59
877,49,10:29:59
941,31,10:29:59
933,0,10:29:59
1023,1,10:29:59
1030,34,10:29:59
1040,0,10:29:59
968,3,10:29:59
1045,27,10:29:59
1010,0,10:29:59
1000,51,10:29:59
997,37,10:30:00
1017,24,10:30:00
1042,0,10:30:00
1109,41,10:30:00
1037,0,10:30:00
759,81,10:30:00
419,114,10:30:00
377,115,10:30:00
423,54,10:30:00
438,101,10:30:00
384,145,10:30:00
338,144,10:30:00
404,47,10:30:00
360,112,10:30:00
338,120,10:30:00
373,91,10:30:00
474,68,10:30:00
504,69,10:30:00
501,100,10:30:00
511,98,10:30:00
495,103,10:30:00
563,68,10:30:00
650,66,10:30:00
587,66,10:30:00
554,156,10:30:00
600,130,10:30:00
596,54,10:30:00
627,125,10:30:00
637,111,10:30:00
674,62,10:30:00
655,47,10:30:01
650,99,10:30:01
625,120,10:30:01
612,120,10:30:01
712,115,10:30:01
763,148,10:30:01
809,45,10:30:01
734,119,10:30:01
766,126,10:30:01
770,102,10:30:01
831,60,10:30:01
828,117,10:30:01
863,63,10:30:01
873,51,10:30:01
864,77,10:30:01
796,68,10:30:01
820,116,10:30:01
818,88,10:30:01
872,94,10:30:01
947,35,10:30:01
972,65,10:30:01
960,19,10:30:01
947,124,10:30:01
990,80,10:30:01
906,52,10:30:01
1053,22,10:30:01
1028,43,10:30:01
997,57,10:30:01
944,28,10:30:01
629,140,10:30:01
385,85,10:30:01
339,139,10:30:02
370,139,10:30:02
382,120,10:30:02
340,101,10:30:02
332,122,10:30:02
367,116,10:30:02
403,125,10:30:02
414,80,10:30:02
384,156,10:30:02
410,186,10:30:02
389,165,10:30:02
427,155,10:30:02
436,137,10:30:02
471,124,10:30:02
446,162,10:30:02
470,155,10:30:02
453,137,10:30:02
431,167,10:30:02
440,135,10:30:02
542,150,10:30:02
528,149,10:30:02
572,138,10:30:02
551,180,10:30:02
528,150,10:30:02
567,182,10:30:02
640,167,10:30:02
608,138,10:30:02
571,194,10:30:02
578,136,10:30:02
606,109,10:30:03
593,150,10:30:03
635,190,10:30:03
668,166,10:30:03
638,186,10:30:03
603,179,10:30:03
527,177,10:30:03
571,179,10:30:03
559,182,10:30:03
503,125,10:30:03
523,155,10:30:03
536,159,10:30:03
550,153,10:30:03
695,155,10:30:03
661,177,10:30:03
677,235,10:30:03
692,147,10:30:03
664,153,10:30:03
684,180,10:30:03
669,170,10:30:03
698,132,10:30:03
668,170,10:30:03
752,149,10:30:03
772,113,10:30:03
793,103,10:30:03
798,130,10:30:03
787,171,10:30:03
798,158,10:30:03
741,129,10:30:03
783,165,10:30:03
851,183,10:30:03
804,139,10:30:04
894,175,10:30:04
834,175,10:30:04
862,202,10:30:04
830,179,10:30:04
913,109,10:30:04
963,151,10:30:04
987,157,10:30:04
978,134,10:30:04
914,152,10:30:04
1035,185,10:30:04
947,188,10:30:04
866,169,10:30:04
867,159,10:30:04
883,140,10:30:04
874,195,10:30:04
895,202,10:30:04
1023,167,10:30:04
1027,195,10:30:04
1050,189,10:30:04
987,132,10:30:04
922,172,10:30:04
630,151,10:30:04
352,263,10:30:04
417,200,10:30:04
415,141,10:30:04
379,203,10:30:04
406,139,10:30:04
362,167,10:30:04
342,238,10:30:04
384,199,10:30:05
432,179,10:30:05
425,130,10:30:05
485,197,10:30:05
703,96,10:30:05
926,93,10:30:05
897,50,10:30:05
862,30,10:30:05
856,42,10:30:05
824,43,10:30:05
867,101,10:30:05
924,85,10:30:05
894,111,10:30:05
945,70,10:30:05
964,51,10:30:05
887,55,10:30:05
816,53,10:30:05
542,267,10:30:05
717,413,10:30:05
648,412,10:30:05
513,379,10:30:05
410,383,10:30:05
404,329,10:30:05
398,360,10:30:05
403,348,10:30:05
435,315,10:30:05
453,329,10:30:05
490,283,10:30:05
441,317,10:30:05
428,306,10:30:05
491,257,10:30:06
469,315,10:30:06
560,230,10:30:06
545,272,10:30:06
587,288,10:30:06
585,315,10:30:06
572,285,10:30:06
577,245,10:30:06
603,339,10:30:06
656,308,10:30:06
684,308,10:30:06
669,286,10:30:06
661,298,10:30:06
685,333,10:30:06
656,327,10:30:06
642,305,10:30:06
727,337,10:30:06
745,318,10:30:06
750,266,10:30:06
747,344,10:30:06
764,314,10:30:06
785,299,10:30:06
862,269,10:30:06
822,299,10:30:06
841,238,10:30:06
852,280,10:30:06
831,297,10:30:06
816,317,10:30:06
829,269,10:30:06
852,305,10:30:06
812,306,10:30:06
844,314,10:30:07
805,294,10:30:07
881,273,10:30:07
933,260,10:30:07
975,298,10:30:07
952,282,10:30:07
965,280,10:30:07
931,325,10:30:07
920,259,10:30:07
854,290,10:30:07
838,277,10:30:07
874,274,10:30:07
894,295,10:30:07
888,266,10:30:07
920,281,10:30:07
977,267,10:30:07
948,261,10:30:07
981,297,10:30:07
976,306,10:30:07
752,330,10:30:07
492,265,10:30:07
407,308,10:30:07
399,331,10:30:07
382,336,10:30:07
401,290,10:30:07
452,319,10:30:07
397,258,10:30:07
414,319,10:30:07
375,310,10:30:07
569,321,10:30:07
456,330,10:30:08
593,259,10:30:08
511,322,10:30:08
505,288,10:30:08
535,304,10:30:08
583,292,10:30:08
649,322,10:30:08
620,357,10:30:08
601,330,10:30:08
584,336,10:30:08
602,328,10:30:08
629,344,10:30:08
719,344,10:30:08
750,331,10:30:08
746,305,10:30:08
743,259,10:30:08
721,333,10:30:08
752,320,10:30:08
804,274,10:30:08
815,270,10:30:08
768,322,10:30:08
772,270,10:30:08
823,319,10:30:08
792,286,10:30:08
831,302,10:30:08
914,251,10:30:08
1032,317,10:30:08
979,308,10:30:08
939,227,10:30:08
1001,306,10:30:08
1053,295,10:30:09
1032,295,10:30:09
989,362,10:30:09
977,307,10:30:09
1049,323,10:30:09
1028,335,10:30:09
1030,283,10:30:09
1069,317,10:30:09
1036,312,10:30:09
1001,298,10:30:09
1000,290,10:30:09
1016,323,10:30:09
949,289,10:30:09
968,247,10:30:09
1049,327,10:30:09
1105,309,10:30:09
1100,304,10:30:09
1094,301,10:30:09
1100,299,10:30:09
1066,230,10:30:09
1116,286,10:30:09
1139,209,10:30:09
1143,172,10:30:09
1101,246,10:30:09
1161,256,10:30:09
1090,212,10:30:09
1145,244,10:30:09
1173,205,10:30:09
1179,237,10:30:09
1170,174,10:30:09
1179,244,10:30:10
1097,219,10:30:10
1111,244,10:30:10
1082,258,10:30:10
1137,239,10:30:10
1138,237,10:30:10
1097,224,10:30:10
1127,255,10:30:10
1205,264,10:30:10
1184,216,10:30:10
1178,222,10:30:10
1221,233,10:30:10
1202,216,10:30:10
1230,210,10:30:10
1254,228,10:30:10
1194,252,10:30:10
1262,281,10:30:10
1235,211,10:30:10
1174,232,10:30:10
1238,224,10:30:10
1204,228,10:30:10
1216,279,10:30:10
1188,216,10:30:10
1173,213,10:30:10
1151,196,10:30:10
1149,216,10:30:10
1165,229,10:30:10
1196,206,10:30:10
1213,232,10:30:10
1222,228,10:30:10
1288,224,10:30:11
1293,234,10:30:11
1268,215,10:30:11
1290,199,10:30:11
1311,245,10:30:11
1311,229,10:30:11
1311,228,10:30:11
1291,181,10:30:11
1257,202,10:30:11
1288,193,10:30:11
1299,151,10:30:11
1311,257,10:30:11
1297,193,10:30:11
1311,209,10:30:11
1311,208,10:30:11
1311,183,10:30:11
1311,189,10:30:11
1188,131,10:30:11
911,187,10:30:11
546,223,10:30:11
434,217,10:30:11
425,246,10:30:11
464,230,10:30:11
444,236,10:30:11
401,293,10:30:11
448,204,10:30:11
450,256,10:30:11
410,272,10:30:11
522,245,10:30:11
507,287,10:30:11
510,246,10:30:12
593,281,10:30:12
576,268,10:30:12
572,265,10:30:12
564,286,10:30:12
634,290,10:30:12
621,297,10:30:12
584,309,10:30:12
620,308,10:30:12
625,277,10:30:12
669,245,10:30:12
737,293,10:30:12
753,245,10:30:12
714,257,10:30:12
740,258,10:30:12
999,245,10:30:12
1066,207,10:30:12
1064,243,10:30:12
995,224,10:30:12
1048,219,10:30:12
1003,265,10:30:12
1050,221,10:30:12
1087,207,10:30:12
1195,249,10:30:12
1185,197,10:30:12
1163,205,10:30:12
1179,207,10:30:12
1130,181,10:30:12
1177,246,10:30:12
1153,239,10:30:12
1217,198,10:30:13
1218,193,10:30:13
1229,203,10:30:13
1257,235,10:30:13
1281,203,10:30:13
1235,222,10:30:13
1219,184,10:30:13
1255,246,10:30:13
1232,210,10:30:13
1269,219,10:30:13
1194,177,10:30:13
1277,201,10:30:13
1277,223,10:30:13
1311,197,10:30:13
1311,261,10:30:13
1311,162,10:30:13
1304,164,10:30:13
1244,208,10:30:13
1289,234,10:30:13
1311,227,10:30:13
1311,223,10:30:13
1311,203,10:30:13
1311,168,10:30:13
1225,214,10:30:13
957,235,10:30:13
613,248,10:30:13
500,249,10:30:13
421,208,10:30:13
441,250,10:30:13
460,267,10:30:13
471,242,10:30:13
450,310,10:30:14
477,286,10:30:14
461,249,10:30:14
546,298,10:30:14
619,220,10:30:14
653,291,10:30:14
579,290,10:30:14
564,313,10:30:14
613,327,10:30:14
580,375,10:30:14
570,296,10:30:14
547,322,10:30:14
591,301,10:30:14
635,307,10:30:14
689,309,10:30:14
674,360,10:30:14
691,312,10:30:14
706,306,10:30:14
678,310,10:30:14
672,327,10:30:14
630,290,10:30:14
700,318,10:30:14
753,282,10:30:14
683,262,10:30:14
640,341,10:30:14
506,215,10:30:14
483,313,10:30:14
434,274,10:30:14
478,250,10:30:14
519,303,10:30:14
511,275,10:30:15
486,267,10:30:15
531,290,10:30:15
468,224,10:30:15
410,205,10:30:15
434,281,10:30:15
416,300,10:30:15
453,255,10:30:15
434,184,10:30:15
445,185,10:30:15
455,185,10:30:15
408,147,10:30:15
391,141,10:30:15
398,21,10:30:15
425,0,10:30:15
439,0,10:30:15
425,0,10:30:15
434,0,10:30:15
396,0,10:30:15
453,0,10:30:15
432,0,10:30:15
428,0,10:30:15
447,0,10:30:15
442,0,10:30:15
380,6,10:30:15
422,0,10:30:15
435,12,10:30:15
464,0,10:30:15
421,0,10:30:15
451,59,10:30:15
373,116,10:30:16
379,93,10:30:16
386,84,10:30:16
412,69,10:30:16
438,86,10:30:16
377,111,10:30:16
420,77,10:30:16
458,116,10:30:16
494,125,10:30:16
468,145,10:30:16
500,81,10:30:16
515,102,10:30:16
505,68,10:30:16
522,204,10:30:16
605,156,10:30:16
584,124,10:30:16
621,127,10:30:16
605,96,10:30:16
580,151,10:30:16
532,263,10:30:16
455,343,10:30:16
500,366,10:30:16
448,385,10:30:16
438,395,10:30:16
460,408,10:30:16
463,393,10:30:16
485,409,10:30:16
479,375,10:30:16
491,382,10:30:16
471,406,10:30:16
437,387,10:30:17
549,412,10:30:17
594,450,10:30:17
565,410,10:30:17
617,432,10:30:17
543,433,10:30:17
574,446,10:30:17
579,424,10:30:17
590,438,10:30:17
657,412,10:30:17
641,437,10:30:17
718,427,10:30:17
657,413,10:30:17
532,439,10:30:17
539,412,10:30:17
507,400,10:30:17
553,393,10:30:17
453,370,10:30:17
434,364,10:30:17
450,339,10:30:17
420,340,10:30:17
438,318,10:30:17
462,350,10:30:17
413,321,10:30:17
446,327,10:30:17
491,320,10:30:17
512,354,10:30:17
515,376,10:30:17
513,344,10:30:17
498,376,10:30:17
516,385,10:30:18
524,397,10:30:18
498,367,10:30:18
504,401,10:30:18
501,414,10:30:18
496,381,10:30:18
461,395,10:30:18
442,360,10:30:18
476,324,10:30:18
476,84,10:30:18
448,0,10:30:18
436,0,10:30:18
474,0,10:30:18
472,0,10:30:18
452,0,10:30:18
492,0,10:30:18
458,0,10:30:18
433,0,10:30:18
410,0,10:30:18
403,0,10:30:18
429,0,10:30:18
396,0,10:30:18
432,0,10:30:18
422,0,10:30:18
429,0,10:30:18
444,0,10:30:18
450,0,10:30:18
396,0,10:30:18
400,0,10:30:18
395,0,10:30:18
471,0,10:30:18
488,0,10:30:19
396,0,10:30:19
387,0,10:30:19
425,0,10:30:19
446,0,10:30:19
454,0,10:30:19
433,0,10:30:19
420,0,10:30:19
441,0,10:30:19
436,49,10:30:19
418,20,10:30:19
415,65,10:30:19
444,45,10:30:19
454,46,10:30:19
442,54,10:30:19
470,12,10:30:19
572,0,10:30:19
566,0,10:30:19
512,0,10:30:19
498,0,10:30:19
527,0,10:30:19
534,0,10:30:19
581,0,10:30:19
603,0,10:30:19
565,0,10:30:19
616,0,10:30:19
603,0,10:30:19
557,0,10:30:19
527,0,10:30:19
474,0,10:30:19
501,0,10:30:20
510,0,10:30:20
533,0,10:30:20
486,0,10:30:20
509,0,10:30:20
536,0,10:30:20
540,0,10:30:20
555,12,10:30:20
536,0,10:30:20
531,21,10:30:20
574,0,10:30:20
512,0,10:30:20
403,0,10:30:20
422,0,10:30:20
429,0,10:30:20
363,0,10:30:20
358,0,10:30:20
391,0,10:30:20
400,0,10:30:20
420,0,10:30:20
518,0,10:30:20
542,0,10:30:20
567,0,10:30:20
545,0,10:30:20
535,0,10:30:20
674,0,10:30:20
651,0,10:30:20
663,0,10:30:20
662,0,10:30:20
641,0,10:30:20
669,0,10:30:21
786,0,10:30:21
738,0,10:30:21
750,0,10:30:21
748,0,10:30:21
777,0,10:30:21
792,0,10:30:21
817,0,10:30:21
832,0,10:30:21
766,0,10:30:21
824,0,10:30:21
838,0,10:30:21
769,0,10:30:21
847,0,10:30:21
792,0,10:30:21
854,0,10:30:21
557,0,10:30:21
398,0,10:30:21
392,0,10:30:21
332,0,10:30:21
383,0,10:30:21
408,0,10:30:21
399,0,10:30:21
388,0,10:30:21
365,0,10:30:21
359,0,10:30:21
360,0,10:30:21
300,0,10:30:21
387,0,10:30:21
406,0,10:30:21
492,0,10:30:22
436,0,10:30:22
476,0,10:30:22
438,0,10:30:22
410,0,10:30:22
477,0,10:30:22
443,0,10:30:22
419,0,10:30:22
483,0,10:30:22
522,0,10:30:22
449,0,10:30:22
448,0,10:30:22
427,0,10:30:22
480,0,10:30:22
488,0,10:30:22
547,0,10:30:22
601,0,10:30:22
547,0,10:30:22
527,0,10:30:22
555,0,10:30:22
627,0,10:30:22
637,0,10:30:22
699,0,10:30:22
704,0,10:30:22
632,0,10:30:22
685,0,10:30:22
689,0,10:30:22
749,0,10:30:22
769,0,10:30:22
798,0,10:30:22
808,0,10:30:23
795,0,10:30:23
838,0,10:30:23
919,0,10:30:23
941,0,10:30:23
901,0,10:30:23
900,0,10:30:23
879,0,10:30:23
1075,0,10:30:23
1164,5,10:30:23
1153,0,10:30:23
1130,0,10:30:23
1136,0,10:30:23
1148,0,10:30:23
1151,0,10:30:23
1118,0,10:30:23
1113,0,10:30:23
1168,0,10:30:23
1188,0,10:30:23
1193,0,10:30:23
1221,0,10:30:23
1231,0,10:30:23
1225,0,10:30:23
1227,0,10:30:23
1244,0,10:30:23
1212,0,10:30:23
1247,0,10:30:23
1228,0,10:30:23
1179,0,10:30:23
1214,0,10:30:23
1189,0,10:30:23
1224,0,10:30:24
1186,0,10:30:24
1208,0,10:30:24
1211,0,10:30:24
1042,0,10:30:24
874,0,10:30:24
799,0,10:30:24
842,0,10:30:24
870,0,10:30:24
844,0,10:30:24
837,0,10:30:24
847,0,10:30:24
763,0,10:30:24
826,0,10:30:24
750,0,10:30:24
781,0,10:30:24
833,0,10:30:24
794,0,10:30:24
556,0,10:30:24
417,115,10:30:24
743,445,10:30:24
699,401,10:30:24
500,338,10:30:24
377,305,10:30:24
443,146,10:30:24
436,148,10:30:24
408,158,10:30:24
460,71,10:30:24
408,107,10:30:24
428,66,10:30:24
571,112,10:30:25
522,78,10:30:25
559,47,10:30:25
571,68,10:30:25
525,118,10:30:25
555,60,10:30:25
590,73,10:30:25
564,63,10:30:25
578,37,10:30:25
590,32,10:30:25
541,26,10:30:25
649,13,10:30:25
646,11,10:30:25
665,8,10:30:25
645,8,10:30:25
658,13,10:30:25
686,8,10:30:25
661,1,10:30:25
677,0,10:30:25
646,0,10:30:25
685,3,10:30:25
604,39,10:30:25
678,20,10:30:25
715,38,10:30:25
686,8,10:30:25
713,0,10:30:25
707,0,10:30:25
736,29,10:30:25
691,24,10:30:25
699,11,10:30:25
666,0,10:30:26
670,14,10:30:26
673,21,10:30:26
673,0,10:30:26
711,14,10:30:26
666,0,10:30:26
712,19,10:30:26
869,0,10:30:26
772,0,10:30:26
740,3,10:30:26
771,0,10:30:26
802,0,10:30:26
788,16,10:30:26
815,0,10:30:26
764,8,10:30:26
836,30,10:30:26
858,0,10:30:26
859,0,10:30:26
858,0,10:30:26
887,0,10:30:26
857,0,10:30:26
867,0,10:30:26
830,2,10:30:26
839,6,10:30:26
597,42,10:30:26
412,39,10:30:26
378,43,10:30:26
394,19,10:30:26
379,71,10:30:26
393,73,10:30:26
417,19,10:30:27
366,47,10:30:27
406,56,10:30:27
429,44,10:30:27
451,75,10:30:27
434,55,10:30:27
390,92,10:30:27
418,77,10:30:27
445,117,10:30:27
393,112,10:30:27
460,55,10:30:27
455,71,10:30:27
433,68,10:30:27
437,71,10:30:27
540,35,10:30:27
546,18,10:30:27
517,89,10:30:27
543,36,10:30:27
556,73,10:30:27
552,116,10:30:27
555,81,10:30:27
548,59,10:30:27
477,82,10:30:27
530,68,10:30:27
543,0,10:30:27
532,101,10:30:27
566,11,10:30:27
561,51,10:30:27
642,75,10:30:27
655,36,10:30:27
607,99,10:30:28
678,52,10:30:28
588,32,10:30:28
656,47,10:30:28
617,64,10:30:28
682,37,10:30:28
766,66,10:30:28
743,37,10:30:28
804,0,10:30:28
823,41,10:30:28
815,86,10:30:28
788,68,10:30:28
786,85,10:30:28
741,64,10:30:28
699,29,10:30:28
709,101,10:30:28
776,46,10:30:28
694,38,10:30:28
702,50,10:30:28
719,52,10:30:28
778,71,10:30:28
770,50,10:30:28
799,53,10:30:28
798,88,10:30:28
816,46,10:30:28
821,77,10:30:28
846,51,10:30:28
893,53,10:30:28
910,16,10:30:28
923,22,10:30:28
874,33,10:30:29
825,85,10:30:29
509,119,10:30:29
456,92,10:30:29
418,112,10:30:29
438,126,10:30:29
427,172,10:30:29
391,108,10:30:29
383,153,10:30:29
383,119,10:30:29
398,110,10:30:29
388,113,10:30:29
431,78,10:30:29
393,77,10:30:29
483,130,10:30:29
450,161,10:30:29
627,129,10:30:29
578,98,10:30:29
587,77,10:30:29
600,137,10:30:29
616,105,10:30:29
651,65,10:30:29
589,116,10:30:29
576,95,10:30:29
586,121,10:30:29
530,106,10:30:29
579,79,10:30:29
632,94,10:30:29
599,121,10:30:29
767,133,10:30:29
786,68,10:30:30
829,121,10:30:30
752,100,10:30:30
782,80,10:30:30
778,56,10:30:30
737,81,10:30:30
713,126,10:30:30
624,133,10:30:30
679,125,10:30:30
665,150,10:30:30
686,136,10:30:30
637,133,10:30:30
673,112,10:30:30
674,151,10:30:30
713,133,10:30:30
699,146,10:30:30
723,68,10:30:30
784,58,10:30:30
758,81,10:30:30
768,105,10:30:30
745,119,10:30:30
756,112,10:30:30
803,136,10:30:30
955,164,10:30:30
924,82,10:30:30
861,118,10:30:30
896,85,10:30:30
895,142,10:30:30
776,121,10:30:30
473,148,10:30:30
398,179,10:30:30
463,123,10:30:31
445,161,10:30:31
441,174,10:30:31
448,133,10:30:31
465,149,10:30:31
445,148,10:30:31
434,185,10:30:31
546,180,10:30:31
548,156,10:30:31
574,151,10:30:31
539,146,10:30:31
546,141,10:30:31
562,211,10:30:31
553,201,10:30:31
496,155,10:30:31
557,154,10:30:31
656,142,10:30:31
700,133,10:30:31
702,120,10:30:31
704,154,10:30:31
741,164,10:30:31
730,191,10:30:31
689,202,10:30:31
701,159,10:30:31
670,159,10:30:31
682,147,10:30:31
739,102,10:30:31
848,89,10:30:31
812,108,10:30:31
818,149,10:30:31
792,188,10:30:32
775,154,10:30:32
816,179,10:30:32
910,128,10:30:32
895,161,10:30:32
898,136,10:30:32
929,116,10:30:32
904,159,10:30:32
757,164,10:30:32
810,148,10:30:32
728,162,10:30:32
836,154,10:30:32
832,180,10:30:32
810,130,10:30:32
888,98,10:30:32
929,158,10:30:32
966,168,10:30:32
941,150,10:30:32
694,153,10:30:32
512,203,10:30:32
495,173,10:30:32
438,223,10:30:32
453,183,10:30:32
470,187,10:30:32
404,181,10:30:32
429,162,10:30:32
403,196,10:30:32
406,218,10:30:32
456,217,10:30:32
450,225,10:30:32
436,207,10:30:33
373,205,10:30:33
426,211,10:30:33
420,259,10:30:33
448,189,10:30:33
461,252,10:30:33
499,199,10:30:33
585,218,10:30:33
579,207,10:30:33
609,196,10:30:33
554,204,10:30:33
540,210,10:30:33
528,260,10:30:33
538,185,10:30:33
637,183,10:30:33
643,207,10:30:33
642,243,10:30:33
612,194,10:30:33
649,229,10:30:33
651,221,10:30:33
675,279,10:30:33
759,182,10:30:33
715,267,10:30:33
756,285,10:30:33
721,232,10:30:33
761,145,10:30:33
758,201,10:30:33
732,205,10:30:33
673,247,10:30:33
693,186,10:30:33
717,214,10:30:34
652,220,10:30:34
661,234,10:30:34
855,465,10:30:34
1097,580,10:30:34
1025,582,10:30:34
937,475,10:30:34
815,433,10:30:34
763,424,10:30:34
692,440,10:30:34
607,447,10:30:34
599,413,10:30:34
563,413,10:30:34
539,444,10:30:34
529,449,10:30:34
522,445,10:30:34
538,413,10:30:34
551,437,10:30:34
558,416,10:30:34
540,400,10:30:34
524,438,10:30:34
551,404,10:30:34
531,383,10:30:34
518,388,10:30:34
513,410,10:30:34
444,403,10:30:34
482,382,10:30:34
476,370,10:30:34
482,390,10:30:34
489,416,10:30:34
457,368,10:30:35
468,419,10:30:35
467,334,10:30:35
456,420,10:30:35
534,392,10:30:35
524,398,10:30:35
454,423,10:30:35
474,369,10:30:35
530,369,10:30:35
518,386,10:30:35
530,355,10:30:35
520,390,10:30:35
539,347,10:30:35
570,377,10:30:35
627,391,10:30:35
625,381,10:30:35
599,339,10:30:35
564,356,10:30:35
583,402,10:30:35
578,364,10:30:35
578,372,10:30:35
610,374,10:30:35
654,305,10:30:35
635,321,10:30:35
618,317,10:30:35
594,321,10:30:35
624,312,10:30:35
651,370,10:30:35
634,310,10:30:35
666,347,10:30:35
676,315,10:30:36
635,296,10:30:36
592,396,10:30:36
614,356,10:30:36
660,343,10:30:36
673,300,10:30:36
780,291,10:30:36
731,299,10:30:36
758,321,10:30:36
798,320,10:30:36
798,295,10:30:36
817,343,10:30:36
792,296,10:30:36
828,338,10:30:36
884,210,10:30:36
847,266,10:30:36
840,282,10:30:36
873,339,10:30:36
860,351,10:30:36
838,337,10:30:36
841,317,10:30:36
792,344,10:30:36
840,290,10:30:36
825,344,10:30:36
796,293,10:30:36
802,328,10:30:36
773,328,10:30:36
758,371,10:30:36
803,318,10:30:36
919,327,10:30:36
897,324,10:30:36
856,310,10:30:37
876,327,10:30:37
728,327,10:30:37
511,330,10:30:37
502,298,10:30:37
430,358,10:30:37
539,298,10:30:37
496,309,10:30:37
532,336,10:30:37
498,382,10:30:37
454,368,10:30:37
367,346,10:30:37
475,349,10:30:37
382,388,10:30:37
481,354,10:30:37
485,348,10:30:37
487,308,10:30:37
490,406,10:30:37
554,347,10:30:37
738,351,10:30:37
771,326,10:30:37
792,347,10:30:37
786,362,10:30:37
716,339,10:30:37
749,334,10:30:37
767,336,10:30:37
814,374,10:30:37
858,418,10:30:37
797,393,10:30:37
816,366,10:30:37
781,374,10:30:38
851,403,10:30:38
828,344,10:30:38
825,370,10:30:38
800,323,10:30:38
795,402,10:30:38
882,362,10:30:38
829,353,10:30:38
808,391,10:30:38
828,356,10:30:38
850,391,10:30:38
800,373,10:30:38
854,407,10:30:38
901,391,10:30:38
911,342,10:30:38
830,357,10:30:38
887,382,10:30:38
732,366,10:30:38
604,431,10:30:38
552,456,10:30:38
524,440,10:30:38
535,432,10:30:38
574,432,10:30:38
518,436,10:30:38
531,435,10:30:38
556,406,10:30:38
442,482,10:30:38
433,497,10:30:38
484,424,10:30:38
476,469,10:30:38
510,432,10:30:39
587,434,10:30:39
534,455,10:30:39
635,447,10:30:39
633,450,10:30:39
636,436,10:30:39
592,414,10:30:39
622,452,10:30:39
601,443,10:30:39
558,452,10:30:39
537,445,10:30:39
569,472,10:30:39
622,430,10:30:39
704,460,10:30:39
690,458,10:30:39
624,458,10:30:39
628,411,10:30:39
646,456,10:30:39
666,462,10:30:39
664,456,10:30:39
808,442,10:30:39
801,485,10:30:39
722,410,10:30:39
776,432,10:30:39
775,431,10:30:39
801,413,10:30:39
755,450,10:30:39
807,446,10:30:39
758,435,10:30:39
798,435,10:30:39
725,426,10:30:40
741,444,10:30:40
708,452,10:30:40
792,438,10:30:40
854,437,10:30:40
894,456,10:30:40
868,424,10:30:40
832,406,10:30:40
651,453,10:30:40
402,451,10:30:40
277,418,10:30:40
338,392,10:30:40
297,428,10:30:40
266,407,10:30:40
269,429,10:30:40
314,396,10:30:40
305,324,10:30:40
275,357,10:30:40
309,340,10:30:40
260,369,10:30:40
286,348,10:30:40
220,356,10:30:40
236,358,10:30:40
240,400,10:30:40
262,350,10:30:40
223,287,10:30:40
190,339,10:30:40
293,290,10:30:40
250,320,10:30:40
248,356,10:30:40
293,265,10:30:40
238,288,10:30:41
253,312,10:30:41
269,261,10:30:41
261,282,10:30:41
289,268,10:30:41
223,333,10:30:41
287,329,10:30:41
253,323,10:30:41
228,394,10:30:41
225,349,10:30:41
244,389,10:30:41
257,378,10:30:41
257,345,10:30:41
239,358,10:30:41
267,358,10:30:41
251,367,10:30:41
274,310,10:30:41
273,377,10:30:41
307,328,10:30:41
277,361,10:30:41
316,374,10:30:41
355,366,10:30:41
349,394,10:30:41
318,384,10:30:41
293,438,10:30:41
347,440,10:30:41
316,410,10:30:41
314,405,10:30:41
361,438,10:30:41
414,445,10:30:41
395,472,10:30:42
415,441,10:30:42
355,445,10:30:42
352,308,10:30:42
373,172,10:30:42
328,232,10:30:42
311,220,10:30:42
323,224,10:30:42
313,236,10:30:42
301,232,10:30:42
308,285,10:30:42
314,351,10:30:42
227,373,10:30:42
258,320,10:30:42
287,320,10:30:42
269,349,10:30:42
232,286,10:30:42
273,323,10:30:42
270,313,10:30:42
233,333,10:30:42
277,283,10:30:42
257,335,10:30:42
211,331,10:30:42
256,291,10:30:42
222,317,10:30:42
299,295,10:30:42
249,305,10:30:42
384,200,10:30:42
270,309,10:30:42
328,237,10:30:42
349,170,10:30:43
330,186,10:30:43
295,190,10:30:43
289,229,10:30:43
343,198,10:30:43
369,165,10:30:43
323,162,10:30:43
274,254,10:30:43
301,253,10:30:43
262,289,10:30:43
248,287,10:30:43
211,353,10:30:43
300,260,10:30:43
256,262,10:30:43
199,242,10:30:43
277,191,10:30:43
241,256,10:30:43
258,234,10:30:43
231,267,10:30:43
303,239,10:30:43
252,221,10:30:43
318,169,10:30:43
345,221,10:30:43
271,231,10:30:43
302,225,10:30:43
284,249,10:30:43
342,201,10:30:43
363,216,10:30:43
291,235,10:30:43
298,196,10:30:43
296,179,10:30:44
321,169,10:30:44
307,212,10:30:44
395,157,10:30:44
281,229,10:30:44
259,210,10:30:44
367,172,10:30:44
359,196,10:30:44
363,136,10:30:44
407,156,10:30:44
581,95,10:30:44
602,146,10:30:44
718,181,10:30:44
789,136,10:30:44
776,170,10:30:44
841,97,10:30:44
838,106,10:30:44
793,144,10:30:44
802,126,10:30:44
833,165,10:30:44
795,150,10:30:44
875,105,10:30:44
953,132,10:30:44
1024,109,10:30:44
969,136,10:30:44
1007,124,10:30:44
999,149,10:30:44
940,104,10:30:44
943,98,10:30:44
975,166,10:30:44
1017,108,10:30:45
994,146,10:30:45
989,170,10:30:45
1008,115,10:30:45
963,142,10:30:45
962,126,10:30:45
1035,121,10:30:45
990,121,10:30:45
912,211,10:30:45
800,266,10:30:45
707,442,10:30:45
955,517,10:30:45
843,472,10:30:45
679,453,10:30:45
521,456,10:30:45
430,426,10:30:45
401,420,10:30:45
430,360,10:30:45
390,395,10:30:45
318,397,10:30:45
293,401,10:30:45
359,358,10:30:45
363,340,10:30:45
346,359,10:30:45
322,392,10:30:45
288,366,10:30:45
292,373,10:30:45
305,352,10:30:45
379,300,10:30:45
264,323,10:30:45
299,272,10:30:45
363,227,10:30:46
306,291,10:30:46
349,253,10:30:46
308,278,10:30:46
272,281,10:30:46
318,239,10:30:46
299,283,10:30:46
275,248,10:30:46
332,339,10:30:46
366,379,10:30:46
326,381,10:30:46
303,338,10:30:46
342,329,10:30:46
386,172,10:30:46
410,67,10:30:46
357,113,10:30:46
370,83,10:30:46
369,109,10:30:46
388,88,10:30:46
441,87,10:30:46
440,102,10:30:46
426,88,10:30:46
419,69,10:30:46
394,72,10:30:46
389,68,10:30:46
362,98,10:30:46
471,65,10:30:46
407,78,10:30:46
388,59,10:30:46
406,87,10:30:46
435,52,10:30:47
356,82,10:30:47
401,85,10:30:47
366,68,10:30:47
323,98,10:30:47
316,112,10:30:47
358,66,10:30:47
295,105,10:30:47
321,122,10:30:47
306,122,10:30:47
296,111,10:30:47
473,202,10:30:47
932,416,10:30:47
1091,485,10:30:47
1087,488,10:30:47
1065,478,10:30:47
1083,478,10:30:47
1077,510,10:30:47
1097,483,10:30:47
1090,490,10:30:47
1114,482,10:30:47
1148,497,10:30:47
1049,450,10:30:47
1004,460,10:30:47
1052,449,10:30:47
1018,487,10:30:47
973,451,10:30:47
1003,434,10:30:47
1009,471,10:30:47
798,449,10:30:47
568,437,10:30:48
584,420,10:30:48
543,423,10:30:48
507,406,10:30:48
594,394,10:30:48
494,366,10:30:48
514,378,10:30:48
468,270,10:30:48
415,282,10:30:48
472,234,10:30:48
461,253,10:30:48
453,284,10:30:48
458,293,10:30:48
471,242,10:30:48
469,218,10:30:48
431,280,10:30:48
433,194,10:30:48
422,210,10:30:48
492,188,10:30:48
497,201,10:30:48
426,251,10:30:48
